law_article_num,law_article,response,reasoning_content,api_usage
4,第四条 上市公司申请转板的，应当按照本指引及本所有关规定，规范履行信息披露义务。,"

<cu>
[
    {
        ""subject"": ""上市公司"",
        ""condition"": ""申请转板的"",
        ""constraint"": ""应当按照本指引及本所有关规定，规范履行信息披露义务"",
        ""contextual_info"": """"
    }
]
</cu>","好的，我现在需要处理用户提供的法律条文，将其拆分为合规检查单元（cu）。首先，我需要仔细阅读并理解用户提供的指南，确保每一步都符合要求。

首先，用户给的法条是第四条：“上市公司申请转板的，应当按照本指引及本所有关规定，规范履行信息披露义务。” 我需要按照cu的构建规范来拆分这个条文。

首先确定主体（subject）。这里的主语是“上市公司”，因为条文明确提到“上市公司申请转板的”，所以subject应该是“上市公司”。

接下来是条件（condition）。条文中“申请转板的”是触发条件，所以condition应该是“申请转板的”。这里没有其他排除情况或但书条款，所以直接使用这个条件。

然后是约束（constraint）。条文中提到“应当按照本指引及本所有关规定，规范履行信息披露义务”。这里使用了“应当”，属于强制性要求，所以constraint应该完整保留这部分内容，包括引用指引和规定，以及履行信息披露义务的要求。

辅助信息（contextual_info）方面，这里没有提到计算方式、执行机构或其他无法归类的内容，所以留空。

接下来检查原子性要求。这条条文描述的是一个单一的义务场景，即申请转板时需要履行信息披露义务，没有并列、伪并列或递进条款，因此不需要拆分。

保真性方面，确保保留了原文的所有关键信息，如“本指引及本所有关规定”和“规范履行信息披露义务”，没有遗漏或简化。

最后，确认术语使用正确，如“上市公司”是原文中的专有名词，不需要拆分。所有部分都符合用户提供的指南，没有错误或遗漏。

总结后，生成对应的cu结构，确保每个字段正确无误，并放入Python列表中，用<cu>标签包裹。
","CompletionUsage(completion_tokens=414, prompt_tokens=2071, total_tokens=2485, completion_tokens_details=CompletionTokensDetails(accepted_prediction_tokens=None, audio_tokens=None, reasoning_tokens=358, rejected_prediction_tokens=None), prompt_tokens_details=PromptTokensDetails(audio_tokens=None, cached_tokens=0))"
9,"第九条 上市公司股东大会就公司拟申请转板相关事宜作出决议，至少应当包括下列事项：
（一）转板板块；
（二）转板的证券种类和数量；
（三）以获得转板同意为生效条件的股票终止上市事项；
（四）决议有效期；
（五）对董事会办理本次转板具体事宜的授权；
（六）其他应当明确的事项。","

<cu>
[
    {
        ""subject"": ""上市公司股东大会"",
        ""condition"": ""就公司拟申请转板相关事宜作出决议"",
        ""constraint"": ""至少应当包括下列事项：（一）转板板块；（二）转板的证券种类和数量；（三）以获得转板同意为生效条件的股票终止上市事项；（四）决议有效期；（五）对董事会办理本次转板具体事宜的授权；（六）其他应当明确的事项"",
        ""contextual_info"": """"
    }
]
</cu>","好的，我现在需要处理用户提供的法律条文，将其拆分为合规检查单元（cu）。首先，我需要仔细阅读并理解用户提供的指南，确保每一步都符合要求。

首先，用户给出的法条是第九条，内容涉及上市公司股东大会在申请转板相关事宜的决议中必须包含的事项。根据指南，我需要确定每个cu的四个部分：subject、condition、constraint和contextual_info。

首先确定subject。法条中的主体是“上市公司股东大会”，因为这是做出决议的主体。接下来，条件（condition）应该是“就公司拟申请转板相关事宜作出决议”，因为这是触发这些要求的情景。约束（constraint）则是“至少应当包括下列事项”，并列出各个事项。根据原子性要求，每个事项需要拆分为单独的cu吗？

根据示例中的情况，当法条提到“至少应当包括下列事项”并列出多项时，正确的做法是将整个列表作为一个constraint，而不是拆分每个事项。因为这里的“至少应当包括”属于伪并列结构，即需要满足至少一个条件，但实际是必须包含所有列出的项目，所以不能拆分。因此，每个事项应作为同一cu中的一部分，保持在一个cu里。

接下来，检查是否有但书条款或其他需要处理的结构。这里没有例外情况，因此condition不需要调整。contextual_info部分是否需要填充？根据指南，如果法条中有无法归类到前三项的内容，才需要填写。这里所有信息都已归类到前三项，所以contextual_info留空。

最后，确保格式正确，使用Python列表，每个cu作为字典，并用<cu>标签包裹。检查每个字段是否符合规范，特别是subject是否正确，条件是否完整，约束是否包含所有必要事项，并且没有遗漏或错误拆分的情况。
","CompletionUsage(completion_tokens=471, prompt_tokens=2132, total_tokens=2603, completion_tokens_details=CompletionTokensDetails(accepted_prediction_tokens=None, audio_tokens=None, reasoning_tokens=361, rejected_prediction_tokens=None), prompt_tokens_details=PromptTokensDetails(audio_tokens=None, cached_tokens=0))"
7,第七条 本所根据本指引有关规定对保荐机构提交的报备文件进行完备性核对，同时进行股票交易核查，并与上交所或深交所就涉及的重要监管事项进行沟通协调。,"

<cu>
[
    {
        ""subject"": """",
        ""condition"": """",
        ""constraint"": """",
        ""contextual_info"": ""本所根据本指引有关规定对保荐机构提交的报备文件进行完备性核对，同时进行股票交易核查，并与上交所或深交所就涉及的重要监管事项进行沟通协调""
    }
]
</cu>","好的，我现在需要处理用户提供的法律条文，将其拆分为合规检查单元（cu）。首先，我要仔细阅读并理解用户提供的指南，确保每一步都符合要求。

首先看需要处理的法条是第七条：“第七条 本所根据本指引有关规定对保荐机构提交的报备文件进行完备性核对，同时进行股票交易核查，并与上交所或深交所就涉及的重要监管事项进行沟通协调。”

接下来，按照指南中的步骤进行分析：

1. **主体（subject）识别**：法条中的主体是“本所”，即交易所。根据规范，主体是受到法规限制或要求的主体，这里“本所”是执行动作的主体，而不是被约束的对象。因此，subject应为空，因为这里描述的是交易所的职责而非对它的约束。

2. **条件（condition）分析**：法条中没有明显的触发条件，而是直接描述了交易所需要执行的三项任务：完备性核对、股票交易核查、沟通协调。因此，condition也应留空。

3. **约束（constraint）分析**：同样，这里没有对交易所的强制性要求，而是说明其职责和权利。例如，“进行完备性核对”和“进行股票交易核查”属于交易所的权利或职责，而不是必须遵守的约束。因此，constraint留空。

4. **辅助信息（contextual_info）**：这里需要将无法归类到前三项的内容放入此处。法条描述了交易所的三项职责，属于执行信息和权利声明，符合contextual_info的要求。需要保留原文，不进行拆分或解释。

根据cu原则中的原子性要求，每个cu应描述单一义务场景。但在此法条中，所有内容都属于交易所的职责，没有需要拆分的义务场景。因此，整个法条应作为一个cu处理，将信息放入contextual_info。

最后，确保格式正确，使用空字符串表示无内容的字段，并将所有职责描述整合到contextual_info中。检查是否有遗漏或错误，确认符合所有指南要求后，生成最终的cu结构。
","CompletionUsage(completion_tokens=497, prompt_tokens=2093, total_tokens=2590, completion_tokens_details=CompletionTokensDetails(accepted_prediction_tokens=None, audio_tokens=None, reasoning_tokens=420, rejected_prediction_tokens=None), prompt_tokens_details=PromptTokensDetails(audio_tokens=None, cached_tokens=0))"
1,第一条 为了规范北京证券交易所（以下简称本所）上市公司转板相关信息披露、股票停复牌、终止上市等行为，保护投资者合法权益，根据《中国证监会关于北京证券交易所上市公司转板的指导意见》《关于高质量建设北京证券交易所的意见》《北京证券交易所股票上市规则（试行）》等规定，制定本指引。,"

<cu>
[
    {
        ""subject"": """",
        ""condition"": """",
        ""constraint"": """",
        ""contextual_info"": ""为规范北京证券交易所上市公司转板相关信息披露、股票停复牌、终止上市等行为，保护投资者合法权益，根据《中国证监会关于北京证券交易所上市公司转板的指导意见》《关于高质量建设北京证券交易所的意见》《北京证券交易所股票上市规则（试行）》等规定制定本指引""
    }
]
</cu>","好的，我现在需要处理用户提供的法律条文，并按照给定的指南将其拆分为合规检查单元（cu）。首先，我要仔细阅读用户提供的指南，确保完全理解每个部分的要求。

首先，用户给出的法条是第一条：“为了规范北京证券交易所（以下简称本所）上市公司转板相关信息披露、股票停复牌、终止上市等行为，保护投资者合法权益，根据《中国证监会关于北京证券交易所上市公司转板的指导意见》《关于高质量建设北京证券交易所的意见》《北京证券交易所股票上市规则（试行）》等规定，制定本指引。”

根据指南中的角色定位，我需要像资深法律顾问一样准确解构条文。首先分析这个法条的结构。这条看起来是立法目的和依据，属于背景信息，没有具体的主体、条件或约束。

接下来，按照cu构建规范中的各个部分来处理：

1. **主体(subject)**：这条文没有明确指出具体的主体，如上市公司或特定股东，而是说明制定本指引的目的和依据。因此，subject应为空。

2. **条件(condition)**：同样，这里没有触发任何合规检查的条件，所以condition留空。

3. **约束(constraint)**：没有具体的义务或禁止性规定，因此constraint也留空。

4. **辅助信息(contextual_info)**：这里需要包含立法目的（规范转板相关行为、保护投资者权益）和制定依据（引用的多个规定）。根据指南，contextual_info应存放无法归类到前三项的内容，如法条的立意和执行信息。因此，将这部分信息放入contextual_info，并尽量保持原文。

根据原子性要求，每个cu应描述单一义务场景，但此条属于背景信息，不涉及具体义务，因此整个法条应转换为一个cu，其中前三项为空，contextual_info包含立法目的和依据。

需要特别注意，不能将任何本应属于其他部分的信息错误归类。例如，这里没有具体的约束或条件，所以不能强行填充。同时，确保不拆分或合并不应处理的部分，保持原文的完整性。

最后，检查是否符合保真性要求，确保不扩大或缩小适用范围，保留所有原文信息，特别是引用的法规名称和目的描述。确认无误后，将结果格式化为指定的JSON结构，并放入Python列表中，用<cu>标签包裹。
","CompletionUsage(completion_tokens=561, prompt_tokens=2115, total_tokens=2676, completion_tokens_details=CompletionTokensDetails(accepted_prediction_tokens=None, audio_tokens=None, reasoning_tokens=468, rejected_prediction_tokens=None), prompt_tokens_details=PromptTokensDetails(audio_tokens=None, cached_tokens=0))"
3,第三条 上市公司筹划转板相关事宜，应当做好保密工作，控制知情人范围。上市公司控股股东、实际控制人、董事、监事、高级管理人员及其他内幕信息知情人在相关信息披露前，不得买卖公司证券，不得泄露内幕信息，不得建议他人买卖公司证券。,"

<cu>
[
    {
        ""subject"": ""上市公司"",
        ""condition"": ""筹划转板相关事宜"",
        ""constraint"": ""应当做好保密工作，控制知情人范围"",
        ""contextual_info"": """"
    },
    {
        ""subject"": ""上市公司控股股东 | 实际控制人 | 董事 | 监事 | 高级管理人员 | 其他内幕信息知情人"",
        ""condition"": ""相关信息披露前"",
        ""constraint"": ""不得买卖公司证券"",
        ""contextual_info"": """"
    },
    {
        ""subject"": ""上市公司控股股东 | 实际控制人 | 董事 | 监事 | 高级管理人员 | 其他内幕信息知情人"",
        ""condition"": ""相关信息披露前"",
        ""constraint"": ""不得泄露内幕信息"",
        ""contextual_info"": """"
    },
    {
        ""subject"": ""上市公司控股股东 | 实际控制人 | 董事 | 监事 | 高级管理人员 | 其他内幕信息知情人"",
        ""condition"": ""相关信息披露前"",
        ""constraint"": ""不得建议他人买卖公司证券"",
        ""contextual_info"": """"
    }
]
</cu>","好的，我现在需要处理用户提供的法律条文，将其拆分为合规检查单元（cu）。首先，我需要仔细阅读并理解用户提供的指南，确保每一步都符合要求。

首先看用户给的法条是第三条：“上市公司筹划转板相关事宜，应当做好保密工作，控制知情人范围。上市公司控股股东、实际控制人、董事、监事、高级管理人员及其他内幕信息知情人在相关信息披露前，不得买卖公司证券，不得泄露内幕信息，不得建议他人买卖公司证券。”

接下来，按照指南中的步骤进行分析：

1. **主体（subject）识别**：
   - 第一句的主语是“上市公司”，涉及筹划转板时的保密义务。
   - 第二句的主语是“上市公司控股股东、实际控制人、董事、监事、高级管理人员及其他内幕信息知情人”，这里需要按照专有名词处理，不拆分“董监高”，所以用“|”分隔多个主体。

2. **条件（condition）分析**：
   - 第一句的条件是“筹划转板相关事宜”，没有但书结构。
   - 第二句的条件是“相关信息披露前”，同样没有但书。

3. **约束（constraint）提取**：
   - 第一句的约束是“应当做好保密工作，控制知情人范围”，属于必须遵守的要求。
   - 第二句有三个并列的“不得”约束，根据原子性原则，每个“不得”需要拆分为单独的cu，因为它们属于并列结构，每个都是独立的义务。

4. **辅助信息（contextual_info）**：
   - 这两句中没有需要额外说明的计算方式或权利声明，所以留空。

拆分时需要注意：
- 第二句中的三个“不得”是并列的，根据原子性要求，每个都要单独拆分。但根据示例中的处理方式，当存在多个并列的约束时，如果它们属于同一主体和条件，可能需要拆分为多个cu。例如，每个“不得”作为一个独立的constraint，但subject和condition相同，因此生成三个cu。

检查是否符合保真性要求，确保不遗漏任何量化指标或适用范围。例如，“相关信息披露前”必须保留，不能简化为“披露前”。

最后，整理成cu列表，确保每个cu的格式正确，使用规定的字段，并用<cu>标签包裹。
","CompletionUsage(completion_tokens=726, prompt_tokens=2111, total_tokens=2837, completion_tokens_details=CompletionTokensDetails(accepted_prediction_tokens=None, audio_tokens=None, reasoning_tokens=480, rejected_prediction_tokens=None), prompt_tokens_details=PromptTokensDetails(audio_tokens=None, cached_tokens=0))"
6,"第六条 保荐机构与上市公司签订转板保荐协议后，保荐机构应当及时向本所提交下列报备文件：
（一）转板保荐协议；
（二）保荐机构专项说明，内容包括上市公司符合拟转入板块条件的尽职调查情况等；
（三）股票交易情况自查报告，内容包括上市公司及其控股股东、实际控制人、董事、监事、高级管理人员，保荐机构和其他知悉转板信息的主体，以及前述人员直系亲属在筹划转板事宜之日至签订转板保荐协议之日，买卖该上市公司股票情况；
（四）本所要求的其他文件。","

<cu>
[
    {
        ""subject"": ""保荐机构"",
        ""condition"": ""与上市公司签订转板保荐协议后"",
        ""constraint"": ""应当及时向本所提交转板保荐协议"",
        ""contextual_info"": """"
    },
    {
        ""subject"": ""保荐机构"",
        ""condition"": ""与上市公司签订转板保荐协议后"",
        ""constraint"": ""应当及时向本所提交保荐机构专项说明（内容包括上市公司符合拟转入板块条件的尽职调查情况等）"",
        ""contextual_info"": """"
    },
    {
        ""subject"": ""保荐机构"",
        ""condition"": ""与上市公司签订转板保荐协议后"",
        ""constraint"": ""应当及时向本所提交股票交易情况自查报告（内容包括上市公司及其控股股东、实际控制人、董事、监事、高级管理人员，保荐机构和其他知悉转板信息的主体，以及前述人员直系亲属在筹划转板事宜之日至签订转板保荐协议之日买卖该上市公司股票情况）"",
        ""contextual_info"": """"
    },
    {
        ""subject"": ""保荐机构"",
        ""condition"": ""与上市公司签订转板保荐协议后"",
        ""constraint"": ""应当及时向本所提交本所要求的其他文件"",
        ""contextual_info"": """"
    }
]
</cu>","好的，我现在需要处理用户提供的法律条文，将其拆分为合规检查单元（cu）。首先，我要仔细阅读并理解用户提供的指南，确保每一步都符合要求。

首先看用户提供的法条是第六条：“保荐机构与上市公司签订转板保荐协议后，保荐机构应当及时向本所提交下列报备文件：（一）转板保荐协议；（二）保荐机构专项说明……（四）本所要求的其他文件。”

根据指南，我需要确定每个cu的四个部分：subject、condition、constraint和contextual_info。首先，主体（subject）应该是保荐机构，因为条文明确提到保荐机构在签订协议后需要提交文件。条件（condition）是签订转板保荐协议后，而约束（constraint）是提交具体的报备文件。

接下来，条文中的四个分项都是需要提交的文件，属于约束部分。根据原子性要求，每个分项是否需要拆分？根据示例中的情况，当出现“应当符合以下条件之一”时，不需要拆分，而是作为一个整体。但这里的情况是“提交下列报备文件”，属于并列的多个文件要求，每个文件都是必须提交的，因此需要拆分为多个cu，每个cu对应一个文件。但根据指南中的例子，如果分项是并列且必须同时满足的，应该拆分为多个cu。例如，用户提供的例子中，当法条要求提交多个文件时，每个文件应作为一个独立的cu，因为每个文件都是必须提交的，属于并列的“且”关系，需要拆分。

因此，这里需要将每个分项拆分为单独的cu。每个cu的主体都是保荐机构，条件相同，但约束部分分别对应每个文件。同时，第四项“本所要求的其他文件”需要保留原文，不能遗漏。

检查是否有contextual_info，这里没有需要补充的信息，所以留空。确保每个cu的约束部分正确引用分项内容，并且没有合并或错误拆分的情况。最后，将所有cu组成一个列表，用<cu>标签包裹。
","CompletionUsage(completion_tokens=715, prompt_tokens=2182, total_tokens=2897, completion_tokens_details=CompletionTokensDetails(accepted_prediction_tokens=None, audio_tokens=None, reasoning_tokens=426, rejected_prediction_tokens=None), prompt_tokens_details=PromptTokensDetails(audio_tokens=None, cached_tokens=0))"
10,"第十条 上市公司董事会和股东大会根据本指引第八条、第九条规定作出决议时，应当按照本所信息披露有关规定，及时披露董事会和股东大会决议公告。
上市公司应当在披露董事会决议公告同时披露关于董事会审议转板相关事宜的提示性公告，内容至少应当包括：
（一）董事会审议拟申请转板相关事宜的时间、审议结果等基本情况；
（二）对照上交所或深交所规定的拟转入板块上市条件，结合上市公司已披露信息，逐项说明是否符合拟转入板块上市条件；
（三）上市公司聘请保荐机构的情况；
（四）上市公司就转板事宜尚待审核、是否能完成转板存在不确定性等事项作出充分风险揭示；
（五）上市公司控股股东，实际控制人对本次转板的原则性意见，以及上市公司控股股东、实际控制人、董事、监事、高级管理人员关于自本提示性公告披露之日起至提交转板申请期间不减持股份的公开承诺。上市公司披露为无控股股东和实际控制人的，第一大股东应比照前述要求履行相关义务；
（六）上市公司董事会关于转板已经审慎决策，如本次转板终止，其后六个月内不再筹划、审议转板事宜的承诺；
（七）其他应当说明的事项。
保荐机构应当对前款事项发表明确意见，并与提示性公告同时披露。","

<cu>
[
    {
        ""subject"": ""上市公司董事会 | 股东大会"",
        ""condition"": ""根据本指引第八条、第九条规定作出决议时"",
        ""constraint"": ""应当按照本所信息披露有关规定，及时披露董事会和股东大会决议公告"",
        ""contextual_info"": """"
    },
    {
        ""subject"": ""上市公司"",
        ""condition"": ""披露董事会决议公告同时"",
        ""constraint"": ""应当披露关于董事会审议转板相关事宜的提示性公告，内容至少应当包括：（一）董事会审议拟申请转板相关事宜的时间、审议结果等基本情况；（二）对照拟转入板块上市条件逐项说明符合性；（三）聘请保荐机构情况；（四）充分风险揭示；（五）控股股东/实际控制人/董监高不减持承诺；（六）董事会关于转板终止后六个月内不再筹划的承诺；（七）其他应当说明的事项"",
        ""contextual_info"": ""无控股股东和实际控制人时，第一大股东应比照履行相关义务""
    },
    {
        ""subject"": ""保荐机构"",
        ""condition"": ""前款事项（提示性公告内容）"",
        ""constraint"": ""应当发表明确意见，并与提示性公告同时披露"",
        ""contextual_info"": """"
    }
]
</cu>","好的，我现在需要处理用户提供的法律条文，并将其拆分为合规检查单元（cu）。首先，我要仔细阅读并理解整个法条的内容，然后按照用户提供的指南逐步分解。

首先，法条是第十条，分为三个部分。第一部分是关于上市公司董事会和股东大会根据第八条、第九条作出决议时的信息披露要求。第二部分详细列出了董事会决议公告同时需要披露的提示性公告内容，共有七项。第三部分要求保荐机构对前述事项发表意见并同时披露。

接下来，我需要按照cu的构建规范来拆分每个部分。首先确定每个部分的主体（subject）、条件（condition）、约束（constraint）以及上下文信息（contextual_info）。

第一部分：
主体是“上市公司董事会 | 股东大会”，他们根据第八条和第九条作出决议。条件是“根据本指引第八条、第九条规定作出决议时”，约束是“应当按照本所信息披露有关规定，及时披露董事会和股东大会决议公告”。这里没有上下文信息，所以contextual_info留空。

第二部分：
主体是“上市公司”，条件是“披露董事会决议公告同时”，约束是“应当披露关于董事会审议转板相关事宜的提示性公告，内容至少应当包括：（一）至（七）项”。这里需要注意，虽然内容有七项，但根据原子性要求，如果这些项是并列且必须同时满足的，应该拆分为多个cu。但根据示例中的处理，当出现“至少应当包括”或“符合以下条件之一”时，应作为一个整体处理，而不是拆分。因此，这里七项内容属于同一约束下的多个条件，应保留在同一个cu中。

第三部分：
主体是“保荐机构”，条件是“前款事项”，即第二部分的提示性公告内容。约束是“应当发表明确意见，并与提示性公告同时披露”。同样，没有上下文信息。

现在检查是否有需要拆分的部分。例如，第二部分中的七项内容是否属于并列条款。根据指南中的原子性要求，如果约束中的内容是并列且必须全部满足的，应拆分为多个cu。但这里的提示性公告内容需要同时包括所有七项，因此应作为一个整体，而不是拆分。因此，第二部分作为一个cu处理。

此外，第五项中提到控股股东、实际控制人等的承诺，以及无控股股东时第一大股东的义务。这部分属于约束中的详细内容，不需要单独拆分，而是包含在同一个约束中。

最后，确保每个cu符合格式要求，没有遗漏主体、条件或约束，并且上下文信息正确。检查是否有需要合并或拆分的部分，确保原子性和保真性。
","CompletionUsage(completion_tokens=805, prompt_tokens=2327, total_tokens=3132, completion_tokens_details=CompletionTokensDetails(accepted_prediction_tokens=None, audio_tokens=None, reasoning_tokens=529, rejected_prediction_tokens=None), prompt_tokens_details=PromptTokensDetails(audio_tokens=None, cached_tokens=0))"
8,"第八条 上市公司董事会应当就公司拟申请转板相关事宜作出决议，并提请股东大会批准。
本指引第六条、第七条规定的相关工作完成后，上市公司可以召开董事会审议转板相关事宜。","

<cu>
[
    {
        ""subject"": ""上市公司董事会"",
        ""condition"": ""公司拟申请转板相关事宜"",
        ""constraint"": ""应当作出决议，并提请股东大会批准"",
        ""contextual_info"": """"
    },
    {
        ""subject"": ""上市公司"",
        ""condition"": ""本指引第六条、第七条规定的相关工作完成后"",
        ""constraint"": """",
        ""contextual_info"": ""可以召开董事会审议转板相关事宜""
    }
]
</cu>","好的，我现在需要处理用户提供的法律条文，并按照给定的指南将其拆分为合规检查单元（cu）。首先，我需要仔细阅读并理解用户提供的法律条文内容，然后根据cu构建规范逐步拆分。

用户提供的法条是第八条，分为两段：
1. 上市公司董事会应当就公司拟申请转板相关事宜作出决议，并提请股东大会批准。
2. 本指引第六条、第七条规定的相关工作完成后，上市公司可以召开董事会审议转板相关事宜。

首先，分析第一条：“上市公司董事会应当就公司拟申请转板相关事宜作出决议，并提请股东大会批准。”这里的主体是“上市公司董事会”，条件可能涉及公司拟申请转板的情况。约束部分包括作出决议和提请股东大会批准。根据原子性要求，每个cu应描述单一义务场景。但这里的约束有两个动作：“作出决议”和“提请股东大会批准”，是否需要拆分？

根据指南中的原子性要求，如果约束中存在“并”或“且”的关系，应当拆分。但这里的“并”连接的是两个动作，属于同一义务的两个步骤，可能需要合并。不过，根据示例中的情况，如果约束中有多个并列动作，可能需要拆分为多个cu。但原示例中的正确处理是将“应当提前15日公告”作为一个整体约束，因此可能这里也应保持整体。不过需要进一步确认。

接下来，第二条：“本指引第六条、第七条规定的相关工作完成后，上市公司可以召开董事会审议转板相关事宜。”这里的主体是“上市公司”，条件是第六条、七条的工作完成，约束是“可以召开董事会”。根据指南，当法律规定主体“可以”进行行为时，属于权利声明，应放在contextual_info中，而不是constraint。因此，这条的constraint应为空，而“可以召开董事会”放在contextual_info。

现在，拆分第一条。主体是“上市公司董事会”，条件是“公司拟申请转板相关事宜”，约束是“应当作出决议并提请股东大会批准”。根据原子性要求，是否需要将两个动作拆分？根据示例中的情况，当约束中有多个并列动作时，可能需要拆分为两个cu。例如，如果原法条中的约束是“应当A并B”，那么是否需要拆分为两个cu，每个对应一个动作？

但原示例中的正确处理是将“应当提前15日公告”作为一个整体，没有拆分。因此，可能这里的“作出决议”和“提请股东大会批准”属于同一约束中的两个步骤，应合并为一个cu。因此，第一条的cu应为：
subject: 上市公司董事会
condition: 公司拟申请转板相关事宜
constraint: 应当作出决议，并提请股东大会批准
contextual_info: 空

第二条的主体是“上市公司”，条件是“本指引第六条、第七条规定的相关工作完成后”，约束是空，因为“可以召开董事会”属于权利，放在contextual_info。因此，第二条的cu应为：
subject: 上市公司
condition: 本指引第六条、第七条规定的相关工作完成后
constraint: 空
contextual_info: 可以召开董事会审议转板相关事宜

需要检查是否有其他需要拆分的情况。例如，第一条中的“作出决议”和“提请股东大会批准”是否属于递进条款，是否需要拆分？根据指南中的递进条款处理，如果原法条是“当A时，应当B；B完成后，应当C”，则需要拆分为两条。但这里的情况是同时要求两个动作，因此不需要拆分，应作为一个整体约束。

因此，最终的cu列表应包含两个条目，分别对应法条的两段内容。
","CompletionUsage(completion_tokens=826, prompt_tokens=2091, total_tokens=2917, completion_tokens_details=CompletionTokensDetails(accepted_prediction_tokens=None, audio_tokens=None, reasoning_tokens=723, rejected_prediction_tokens=None), prompt_tokens_details=PromptTokensDetails(audio_tokens=None, cached_tokens=0))"
5,"第五条 上市公司启动转板，应审慎评估是否符合转板条件，并按照相关规定聘请保荐机构进行保荐。上市公司选聘保荐机构，应当综合考虑保荐机构在其拟转入板块的首次公开发行并上市业务经验、执业质量等因素，充分了解保荐机构的胜任能力。
保荐机构应当切实履行保荐职责，遵守法律法规和行业自律规范的要求，严格执行内控制度，充分了解公司经营情况和风险，对公司是否符合转板条件独立作出专业判断，并以此为基础与上市公司签订转板保荐协议。","

<cu>
[
    {
        ""subject"": ""上市公司"",
        ""condition"": ""启动转板"",
        ""constraint"": ""应审慎评估是否符合转板条件"",
        ""contextual_info"": """"
    },
    {
        ""subject"": ""上市公司"",
        ""condition"": ""启动转板"",
        ""constraint"": ""应当按照相关规定聘请保荐机构进行保荐"",
        ""contextual_info"": """"
    },
    {
        ""subject"": ""上市公司"",
        ""condition"": ""选聘保荐机构"",
        ""constraint"": ""应当综合考虑保荐机构在其拟转入板块的首次公开发行并上市业务经验、执业质量等因素，充分了解保荐机构的胜任能力"",
        ""contextual_info"": """"
    },
    {
        ""subject"": ""保荐机构"",
        ""condition"": """",
        ""constraint"": ""应当切实履行保荐职责，遵守法律法规和行业自律规范的要求，严格执行内控制度，充分了解公司经营情况和风险，对公司是否符合转板条件独立作出专业判断，并以此为基础与上市公司签订转板保荐协议"",
        ""contextual_info"": """"
    }
]
</cu>","好的，我现在需要处理用户提供的法律条文，将其拆分为合规检查单元（cu）。首先，我要仔细阅读并理解用户提供的指南，确保每一步都符合要求。

首先看用户给的法条是第五条，分为两段。第一段关于上市公司启动转板的要求，第二段关于保荐机构的职责。

第一段：“上市公司启动转板，应审慎评估是否符合转板条件，并按照相关规定聘请保荐机构进行保荐。上市公司选聘保荐机构，应当综合考虑保荐机构在其拟转入板块的首次公开发行并上市业务经验、执业质量等因素，充分了解保荐机构的胜任能力。”

这里有两个主要部分。第一部分是上市公司启动转板时的义务：审慎评估条件和聘请保荐机构。第二部分是选聘保荐机构时的考虑因素。

根据cu的原子性原则，每个cu应描述单一义务场景。因此，第一部分中的“应审慎评估是否符合转板条件”和“聘请保荐机构”可能需要拆分为两个cu，但需要看是否属于并列结构。原文中的“应审慎评估...并按照相关规定聘请...”中的“并”可能表示两个独立的义务，因此需要拆分为两个cu。

第二个部分“上市公司选聘保荐机构，应当综合考虑...”也是一个独立的义务，需要单独作为一个cu。

接下来是第二段：“保荐机构应当切实履行保荐职责，遵守法律法规和行业自律规范的要求，严格执行内控制度，充分了解公司经营情况和风险，对公司是否符合转板条件独立作出专业判断，并以此为基础与上市公司签订转板保荐协议。”

这里保荐机构有多项义务：履行保荐职责、遵守法规、执行内控制度、了解情况、独立判断、签订协议。这些是否属于并列条款？根据指南中的原子性要求，如果这些义务是并列的，每个用“应当”连接的部分可能需要拆分。但原文中的“应当”后面跟着多个动词短语，可能属于同一约束下的多个要求，因此可能需要合并为一个cu，因为它们是同一主体在同一条件下的多个约束，且用“并”连接，属于必须同时满足的条件，不能拆分。

现在按照规范构建每个cu：

第一个cu：
主体是上市公司，条件是启动转板，约束是应审慎评估是否符合转板条件。这里没有但书结构，直接拆分。

第二个cu：
主体是上市公司，条件是启动转板，约束是按照相关规定聘请保荐机构进行保荐。这里“并”表示另一个义务，所以拆分为第二个cu。

第三个cu：
主体是上市公司，条件是选聘保荐机构，约束是应当综合考虑保荐机构的经验、执业质量等因素，并充分了解胜任能力。这里可能需要检查是否属于同一条件，但根据原文，选聘时的考虑因素属于同一场景，因此作为一个cu。

第四个cu：
主体是保荐机构，条件可能没有明确，约束是应当履行职责，遵守法规，执行内控制度，了解情况，独立判断，签订协议。这些都属于保荐机构必须同时满足的要求，因此合并为一个cu，因为约束中的各项是“并”的关系，需要同时满足，不能拆分。

检查是否有上下文信息需要记录。例如，保荐机构的职责中的各项是否需要拆分？根据原子性原则，如果约束中有多个必须同时满足的要求，应保留在一个cu中，因为拆分会导致失去“必须同时满足”的意义。因此，保荐机构的所有职责作为一个cu的约束部分。

最后，确保每个cu的格式正确，主体、条件、约束正确填写，没有需要放入contextual_info的内容。
","CompletionUsage(completion_tokens=963, prompt_tokens=2166, total_tokens=3129, completion_tokens_details=CompletionTokensDetails(accepted_prediction_tokens=None, audio_tokens=None, reasoning_tokens=724, rejected_prediction_tokens=None), prompt_tokens_details=PromptTokensDetails(audio_tokens=None, cached_tokens=0))"
2,第二条 上市公司向上海证券交易所（以下简称上交所）或者深圳证券交易所（以下简称深交所）申请转板有关事宜适用本指引；本指引未作规定的，适用本所其他有关规定。,"

<cu>
[
    {
        ""subject"": ""上市公司"",
        ""condition"": ""向上海证券交易所（以下简称上交所）申请转板有关事宜"",
        ""constraint"": ""适用本指引"",
        ""contextual_info"": """"
    },
    {
        ""subject"": ""上市公司"",
        ""condition"": ""向深圳证券交易所（以下简称深交所）申请转板有关事宜"",
        ""constraint"": ""适用本指引"",
        ""contextual_info"": """"
    },
    {
        ""subject"": ""上市公司"",
        ""condition"": ""本指引未作规定"",
        ""constraint"": ""适用本所其他有关规定"",
        ""contextual_info"": """"
    }
]
</cu>","好的，我现在需要处理用户提供的法律条文，将其拆分为合规检查单元（cu）。首先，我需要仔细阅读并理解用户提供的指南，确保每一步都符合要求。

首先看用户提供的法条是第二条：“上市公司向上海证券交易所（以下简称上交所）或者深圳证券交易所（以下简称深交所）申请转板有关事宜适用本指引；本指引未作规定的，适用本所其他有关规定。”

接下来，按照指南中的步骤进行分析：

1. **主体（subject）识别**：法条中提到的主体是“上市公司”，因为这是被规定适用本指引的主体。这里没有多个主体，所以subject应为“上市公司”。

2. **条件（condition）构建**：法条分为两部分，分号分隔。第一部分的条件是“向上海证券交易所或者深圳证券交易所申请转板有关事宜”，这里需要处理“或者”的情况。根据原子性要求，条件中存在“或”的关系应当拆分。因此，需要拆分为两个条件：“向上海证券交易所申请转板有关事宜”和“向深圳证券交易所申请转板有关事宜”。

3. **约束（constraint）**：第一部分的约束是“适用本指引”，第二部分的条件是“本指引未作规定”，约束是“适用本所其他有关规定”。这里需要注意分号后的部分是否属于另一个cu。

4. **辅助信息（contextual_info）**：这里没有需要额外说明的信息，所以留空。

根据原子性要求，每个cu应处理单一条件。因此，第一部分需要拆分为两个cu，分别对应上交所和深交所的申请。而第二部分则是一个独立的条件，当本指引未作规定时适用其他规定。

检查是否有并列或伪并列结构。第一部分中的“或者”属于条件中的“或”，需要拆分。第二部分的条件是单一条件，无需拆分。

最后，确保每个cu的格式正确，不遗漏任何部分，并保持原文的保真性。例如，使用简称“上交所”和“深交所”时，需要保留括号内的简称说明，但根据示例，可能需要保持原样，但用户指南中提到专有名词遵循原文，所以可能不需要处理括号内的内容，但根据示例中的处理，可能需要将全称和简称都包含在条件中。不过，用户提供的示例中，比如在第一个例子中，条件直接使用了“通过集中竞价减持且不属于因为司法强制执行导致的”，而原法条中的简称可能不需要特别处理，因为cu需要保留原文结构。因此，在条件中应保留全称和简称，但根据用户指南中的术语部分，应尽量遵守原文用词，所以可能直接使用“上海证券交易所（以下简称上交所）”或者“深圳证券交易所（以下简称深交所）”，但根据示例中的处理，可能不需要括号内的内容，因为cu需要简洁。但用户指南中的保真性要求强调保留所有原文信息，所以可能需要保留括号内的简称说明。不过，在用户提供的示例中，比如第一个例子中的条件直接使用了“通过集中竞价减持”，而原法条中的“因司法强制执行导致的减持”被处理为条件的一部分，没有保留括号内的简称。因此，可能需要将全称和简称都保留在条件中，但根据用户指南中的术语部分，应尽量遵守原文用词，所以这里应该保留法条中的全称和简称，即“上海证券交易所（以下简称上交所）”和“深圳证券交易所（以下简称深交所）”。

但考虑到cu的条件需要准确且简洁，可能更倾向于使用简称，但根据保真性要求，必须保留原文中的全称和简称。因此，条件中的正确表述应为“向上海证券交易所（以下简称上交所）申请转板有关事宜”和“向深圳证券交易所（以下简称深交所）申请转板有关事宜”。

不过，用户提供的示例中，比如第一个例子中的条件直接使用了“通过集中竞价减持”，而原法条中的“因司法强制执行导致的减持”被处理为条件的一部分，没有保留括号内的简称。因此，可能用户希望将简称部分忽略，直接使用全称，或者在条件中使用简称。但根据指南中的术语部分，应尽量遵守原文用词，所以可能需要保留括号内的简称。但这样可能会导致条件过长，但必须保真。

因此，正确的处理是将全称和简称都包含在条件中，但根据用户提供的示例，可能不需要括号内的简称，而是直接使用全称。例如，在用户提供的示例中，法条中的“上海证券交易所（以下简称上交所）”可能被简化为“上海证券交易所”，但根据保真性要求，必须保留原文，因此条件中的正确表述应为“向上海证券交易所（以下简称上交所）申请转板有关事宜”和“向深圳证券交易所（以下简称深交所）申请转板有关事宜”。

接下来处理分号后的部分：“本指引未作规定的，适用本所其他有关规定。”这里的主体仍然是“上市公司”，条件为“本指引未作规定”，约束为“适用本所其他有关规定”。因此，需要拆分为第三个cu。

因此，最终的cu列表应该包含三个条目：

1. 主体：上市公司，条件：向上海证券交易所（以下简称上交所）申请转板有关事宜，约束：适用本指引。
2. 主体：上市公司，条件：向深圳证券交易所（以下简称深交所）申请转板有关事宜，约束：适用本指引。
3. 主体：上市公司，条件：本指引未作规定，约束：适用本所其他有关规定。

检查是否有需要合并的情况。根据原子性要求，条件中存在“或”的关系应当拆分，因此前两个cu是正确的拆分。第三个cu的条件是独立的情况，无需拆分。

最后，确保每个cu的格式正确，没有遗漏任何字段，并且contextual_info留空。
","CompletionUsage(completion_tokens=1312, prompt_tokens=2090, total_tokens=3402, completion_tokens_details=CompletionTokensDetails(accepted_prediction_tokens=None, audio_tokens=None, reasoning_tokens=1168, rejected_prediction_tokens=None), prompt_tokens_details=PromptTokensDetails(audio_tokens=None, cached_tokens=0))"
20,第二十条 本指引由本所负责解释。,"

<cu>
[
    {
        ""subject"": """",
        ""condition"": """",
        ""constraint"": """",
        ""contextual_info"": ""本指引由本所负责解释""
    }
]
</cu>","好的，我现在需要处理用户提供的法律条文，将其拆分为合规检查单元（cu）。首先，我要仔细阅读用户提供的指南，确保完全理解每个部分的要求。

用户给出的法条是第二十条：“本指引由本所负责解释。” 根据指南，我需要分析这个条文的结构，确定subject、condition、constraint和contextual_info。

首先看subject部分。条文中的主体是“本所”，即发布指引的交易所或相关机构。根据指南，主体是受到法规限制或要求的主体。但这里的情况是“本所”被赋予解释权，属于权利声明，而不是限制或要求。因此，根据处理规则，当主体是监管部门时，类似的权利声明应放在contextual_info中，而不是作为subject。因此，subject应为空。

接下来是condition和constraint。条文中的内容是关于指引的解释权归属，没有具体的条件或约束。因此，condition和constraint都应留空。

然后处理contextual_info。根据指南，法条的执行信息，如“由本所负责解释”应放在contextual_info中。这里需要保留原文，不进行解释或拆分。

根据原子性原则，每个cu应描述单一义务场景。但此条文没有义务场景，只是说明解释权的归属，因此应作为一个单独的cu，其中contextual_info包含相关信息，其他字段留空。

最后，确保格式正确，使用Python列表包裹，并用<cu>标签包围。检查是否有遗漏或错误，确认所有部分都符合指南要求。
","CompletionUsage(completion_tokens=353, prompt_tokens=2061, total_tokens=2414, completion_tokens_details=CompletionTokensDetails(accepted_prediction_tokens=None, audio_tokens=None, reasoning_tokens=309, rejected_prediction_tokens=None), prompt_tokens_details=PromptTokensDetails(audio_tokens=None, cached_tokens=0))"
15,第十五条 上市公司收到上交所或深交所受理或者不受理、中止或者终止审核、同意转板申请相关文书后，应当及时予以披露。,"

<cu>
[
    {
        ""subject"": ""上市公司"",
        ""condition"": ""收到上交所或深交所受理或者不受理、中止或者终止审核、同意转板申请相关文书后"",
        ""constraint"": ""应当及时予以披露"",
        ""contextual_info"": """"
    }
]
</cu>","好的，我现在需要处理用户提供的法律条文，将其拆分为合规检查单元（cu）。首先，我需要仔细阅读并理解用户提供的指南，确保每一步都符合要求。

首先看用户给的法条是第十五条：“上市公司收到上交所或深交所受理或者不受理、中止或者终止审核、同意转板申请相关文书后，应当及时予以披露。”

接下来，按照指南中的步骤来分析：

1. **主体（subject）识别**：这里的主体是“上市公司”，因为条文明确提到上市公司需要履行披露义务。没有其他主体，所以subject就是“上市公司”。

2. **条件（condition）构建**：条件部分描述的是触发披露义务的情况。条文中的情况是收到交易所的特定文书，包括受理、不受理、中止、终止审核、同意转板申请这些不同的情形。根据指南，条件中的“或”关系需要拆分为不同的条件吗？但这里的“受理或者不受理、中止或者终止审核、同意转板申请”都是不同的文书类型，属于同一触发事件的不同情况，因此应合并为一个条件，因为它们都是收到相关文书后的情况，属于同一场景的不同可能结果。因此，condition应整合为“收到上交所或深交所受理或者不受理、中止或者终止审核、同意转板申请相关文书后”。

3. **约束（constraint）**：条文中明确要求“应当及时予以披露”，这是一个强制性的披露义务，因此constraint应为“应当及时予以披露”。

4. **辅助信息（contextual_info）**：这里没有提到其他需要说明的信息，比如计算方式或执行机构，因此留空。

接下来检查是否符合原子性原则。这里的情况虽然包含多个可能的文书类型（受理、不受理等），但它们都属于同一触发事件的不同结果，因此不需要拆分，保持为一个cu。同时，条件中的“或”关系属于同一场景的不同情况，不需要拆分，因为每个情况都会触发相同的约束。因此，整个条文可以拆分为一个cu。

最后，确保格式正确，使用指定的JSON结构，并将结果包裹在<cu>标签中。
","CompletionUsage(completion_tokens=494, prompt_tokens=2083, total_tokens=2577, completion_tokens_details=CompletionTokensDetails(accepted_prediction_tokens=None, audio_tokens=None, reasoning_tokens=427, rejected_prediction_tokens=None), prompt_tokens_details=PromptTokensDetails(audio_tokens=None, cached_tokens=0))"
13,第十三条 上市公司披露关于董事会审议转板相关事宜的提示性公告后，至向上交所或深交所提交转板申请前，至少应当每月披露一次进展公告，相关事项取得重要进展或重大变化的，应当及时披露。,"

<cu>
[
    {
        ""subject"": ""上市公司"",
        ""condition"": ""披露关于董事会审议转板相关事宜的提示性公告后，至向上交所或深交所提交转板申请前"",
        ""constraint"": ""至少应当每月披露一次进展公告"",
        ""contextual_info"": """"
    },
    {
        ""subject"": ""上市公司"",
        ""condition"": ""相关事项取得重要进展或重大变化的"",
        ""constraint"": ""应当及时披露"",
        ""contextual_info"": """"
    }
]
</cu>","好的，我现在需要处理用户提供的法律条文，将其拆分为合规检查单元（cu）。首先，我要仔细阅读并理解法条内容，然后按照给定的指南进行分析。

用户提供的法条是第十三条：“上市公司披露关于董事会审议转板相关事宜的提示性公告后，至向上交所或深交所提交转板申请前，至少应当每月披露一次进展公告，相关事项取得重要进展或重大变化的，应当及时披露。”

首先，确定主体（subject）。这里的主体是“上市公司”，因为条文明确提到上市公司需要履行披露义务。

接下来，分析条件（condition）和约束（constraint）。法条分为两个部分，用逗号分隔。第一部分是“上市公司披露关于董事会审议转板相关事宜的提示性公告后，至向上交所或深交所提交转板申请前”，这部分描述了一个时间段，作为条件。对应的约束是“至少应当每月披露一次进展公告”。

第二部分的条件是“相关事项取得重要进展或重大变化的”，约束是“应当及时披露”。这里有两个不同的条件，需要拆分为两个cu，因为它们属于不同的义务场景。根据原子性要求，每个cu应处理单一场景。第一部分是定期披露，第二部分是事件触发的及时披露。

检查是否有需要放入contextual_info的内容。法条中没有涉及计算方式、权利声明或其他辅助信息，因此contextual_info留空。

确保拆分后的cu符合保真性要求，保留原文中的时间范围（如“每月一次”）和及时性要求（“及时披露”）。同时，条件部分正确反映了不同的触发情况，没有遗漏或错误合并。

最后，将两个cu分别构建为字典，并放入列表中，用<cu>标签包裹。确保格式正确，没有语法错误。
","CompletionUsage(completion_tokens=471, prompt_tokens=2101, total_tokens=2572, completion_tokens_details=CompletionTokensDetails(accepted_prediction_tokens=None, audio_tokens=None, reasoning_tokens=357, rejected_prediction_tokens=None), prompt_tokens_details=PromptTokensDetails(audio_tokens=None, cached_tokens=0))"
18,第十八条 上市公司应当按照本所股票停复牌有关规定，申请股票于收到上交所或深交所不予受理或者终止审核相关文书的次两个交易日复牌，并披露相关公告。,"

<cu>
[
    {
        ""subject"": ""上市公司"",
        ""condition"": ""收到上交所或深交所不予受理或者终止审核相关文书"",
        ""constraint"": ""应当按照本所股票停复牌有关规定，申请股票于次两个交易日复牌，并披露相关公告"",
        ""contextual_info"": """"
    }
]
</cu>","好的，我现在需要处理用户提供的法律条文，并将其拆分为合规检查单元（cu）。首先，我要仔细阅读并理解用户提供的指南，确保每一步都符合要求。

首先，用户给出的法条是第十八条：“上市公司应当按照本所股票停复牌有关规定，申请股票于收到上交所或深交所不予受理或者终止审核相关文书的次两个交易日复牌，并披露相关公告。”

接下来，我需要按照cu构建规范来分析这个条文。首先确定主体（subject）。这里的主体是“上市公司”，因为条文明确提到上市公司需要执行某些操作，所以subject应该是“上市公司”。

然后是条件（condition）。条文中提到“收到上交所或深交所不予受理或者终止审核相关文书”，这属于触发条件。根据指南，条件需要包含完整的触发情景，所以这里应该写成“收到上交所或深交所不予受理或者终止审核相关文书”。注意，这里的“或”表示两个交易所中的任意一种情况，属于条件中的“或”关系，但根据原子性要求，条件中的“或”不需要拆分，因为属于同一条件的不同情况，所以可以合并为一个条件。

接下来是约束（constraint）。条文中规定上市公司需要“申请股票于次两个交易日复牌，并披露相关公告”。这里有两个动作：申请复牌和披露公告。根据原子性要求，每个cu应描述单一义务场景。但这里的两个动作是并列的，且由同一条件触发，是否需要拆分呢？根据指南中的例子，如果约束中有多个并列要求，可能需要拆分。例如，如果约束中有“应当A并B”，可能需要拆分为两个cu。但这里的情况是“申请复牌”和“披露公告”是两个必须同时执行的动作，属于同一约束中的并列要求，因此应合并为一个constraint，使用“并”连接，因为它们是同时适用的，不需要拆分。因此，constraint应为“应当按照本所股票停复牌有关规定，申请股票于收到相关文书的次两个交易日复牌，并披露相关公告”。

关于contextual_info，条文中提到的“本所股票停复牌有关规定”可能需要作为辅助信息，但根据指南，如果该信息是约束的一部分，不需要单独放在contextual_info中。因为这里的“有关规定”是约束中的一部分，说明需要按照这些规定来执行，因此应保留在constraint中，而不是contextual_info。因此，contextual_info留空。

最后，检查是否符合保真性要求，确保没有遗漏或错误。主体正确，条件正确，约束包含了所有必要的信息，并且没有拆分错误。因此，最终的cu应该是一个包含这些元素的字典。
","CompletionUsage(completion_tokens=610, prompt_tokens=2091, total_tokens=2701, completion_tokens_details=CompletionTokensDetails(accepted_prediction_tokens=None, audio_tokens=None, reasoning_tokens=535, rejected_prediction_tokens=None), prompt_tokens_details=PromptTokensDetails(audio_tokens=None, cached_tokens=0))"
19,"第十九条 上市公司及相关主体违反本指引及相关规定的，本所将依法依规从严打击，视情节严重对其采取工作措施、自律监管措施或实施纪律处分。
本所可以根据监管需要，采取现场和非现场的方式对保荐机构遵守本指引及相关业务规则的情况进行监督检查，将检查结果报告中国证监会，并将保荐机构勤勉尽责履职情况纳入执业质量评价。","

<cu>
[
    {
        ""subject"": ""上市公司 | 相关主体"",
        ""condition"": ""违反本指引及相关规定"",
        ""constraint"": ""本所将依法依规从严打击，视情节严重对其采取工作措施、自律监管措施或实施纪律处分"",
        ""contextual_info"": """"
    },
    {
        ""subject"": ""本所"",
        ""condition"": """",
        ""constraint"": """",
        ""contextual_info"": ""可以根据监管需要，采取现场和非现场的方式对保荐机构遵守本指引及相关业务规则的情况进行监督检查，将检查结果报告中国证监会，并将保荐机构勤勉尽责履职情况纳入执业质量评价""
    }
]
</cu>","好的，我现在需要处理用户提供的法律条文，将其拆分为合规检查单元（cu）。首先，我要仔细阅读并理解用户提供的指南，确保每一步都符合要求。

首先看用户给的法条是第十九条，分为两段。第一段讲的是上市公司及相关主体违反规定时，交易所的处理措施。第二段讲的是交易所可以采取的监督检查方式。

根据cu构建规范，首先处理第一段。主体是“上市公司及相关主体”，这里需要检查是否有多个主体，用“|”分隔。但原文中是“及”，所以可能需要合并。不过根据示例，可能直接保留原文中的表述，所以subject应该是“上市公司 | 相关主体”。

条件（condition）是“违反本指引及相关规定”，这里没有但书结构，所以直接记录。约束（constraint）是“本所将依法依规从严打击，视情节严重对其采取工作措施、自律监管措施或实施纪律处分”。这里需要注意，约束中的“或”属于并列结构，是否需要拆分？根据原子性要求，constraint中的“或”不能拆分，所以整个约束作为一个整体保留。contextual_info留空，因为没有额外信息。

接下来处理第二段。主体是“本所”，即交易所。条件是“根据监管需要”，约束是“可以采取现场和非现场的方式对保荐机构遵守本指引及相关业务规则的情况进行监督检查，将检查结果报告中国证监会，并将保荐机构勤勉尽责履职情况纳入执业质量评价”。根据指南，当主体是监管部门时，“可以”属于权利声明，应放在contextual_info中。因此，这里的constraint应为空，而将整个内容放入contextual_info。需要确认是否属于这种情况。

根据规范，如果法律规定“主体A可以进行行为B”，当主体是监管部门时，属于权利声明，应放在contextual_info。因此，第二段的constraint留空，内容记录在contextual_info中。同时，检查是否有其他需要拆分的情况，但这里是一个整体描述，没有需要拆分的并列或递进结构。

最后，确保每个cu符合原子性、保真性要求，没有遗漏或错误。检查专有名词是否正确保留，如“本所”不需要拆分。确认条件、约束和辅助信息正确分类，没有将应属于约束的内容放入辅助信息，反之亦然。

总结，生成两个cu，第一个处理违规后的处理措施，第二个处理交易所的监督检查权利。确保格式正确，用Python列表和字典表示，并用<cu>标签包裹。
","CompletionUsage(completion_tokens=658, prompt_tokens=2133, total_tokens=2791, completion_tokens_details=CompletionTokensDetails(accepted_prediction_tokens=None, audio_tokens=None, reasoning_tokens=511, rejected_prediction_tokens=None), prompt_tokens_details=PromptTokensDetails(audio_tokens=None, cached_tokens=0))"
14,第十四条 上市公司应当按照本所股票停复牌有关规定，申请股票于提交转板申报材料的次一交易日停牌，并披露相关公告。,"

<cu>
[
    {
        ""subject"": ""上市公司"",
        ""condition"": ""提交转板申报材料"",
        ""constraint"": ""应当申请股票于次一交易日停牌，并披露相关公告"",
        ""contextual_info"": ""按照本所股票停复牌有关规定""
    }
]
</cu>","好的，我现在需要处理用户提供的法律条文，并将其拆分为合规检查单元（cu）。首先，我要仔细阅读并理解用户提供的指南，确保每一步都符合要求。

首先，用户给出的法条是第十四条：“上市公司应当按照本所股票停复牌有关规定，申请股票于提交转板申报材料的次一交易日停牌，并披露相关公告。”

接下来，我需要按照cu的构建规范来分析这个条文。首先确定主体（subject）。这里的主体是“上市公司”，因为条文明确提到上市公司需要执行某些操作，所以主体部分应该填写“上市公司”。

然后是条件（condition）。条文中提到“提交转板申报材料”，这属于触发条件。因此，条件部分应该是“提交转板申报材料”。这里没有其他并列或例外情况，所以不需要进一步拆分。

接下来是约束（constraint）。条文中上市公司需要做两件事：申请股票停牌和披露公告。根据原子性原则，每个cu应描述单一义务。但这里的两项约束是并列的，且用“并”连接，属于必须同时满足的情况。根据指南中的原子性要求，当constraint中存在“并”这样的连接词时，是否需要拆分呢？根据示例中的处理，如果约束是多个必须同时满足的要求，应该合并为一个cu。例如，正确示例中的“应当提前15日公告”包含了单一要求，而这里的“申请停牌”和“披露公告”是两个动作，但属于同一条件下的两个必须同时执行的动作。因此，应该将它们合并到同一个constraint中，用“并”连接，保持原子性，因为这两个动作是在同一条件下必须同时完成的，而不是需要分开检查的独立条件。

最后是contextual_info。条文中提到“按照本所股票停复牌有关规定”，这属于执行时需要参考的外部规定或上下文信息，无法归类到前三项，因此应放在contextual_info中。同时，这里没有其他需要补充的信息，所以contextual_info填写该内容。

检查是否有遗漏或错误。主体正确，条件正确，约束部分合并了两个动作，但根据原子性原则是否需要拆分？根据指南中的原子性要求，如果constraint中存在“并”连接的两个动作，是否需要拆分为两个cu？例如，如果约束是“应当A并B”，是否需要拆分为两个cu？根据示例中的处理，当约束是多个必须同时满足的要求时，应合并为一个cu。例如，在正确示例中，用户给出的cu合并了多个条件，而错误示例则错误地拆分了但书条款。因此，这里的“申请停牌”和“披露公告”是两个必须同时执行的动作，应放在同一个constraint中，用“并”连接，保持原子性，因为它们是同一条件下的两个必须同时完成的要求，而不是需要分开的独立条件。

因此，最终的cu应该是：

{
    ""subject"": ""上市公司"",
    ""condition"": ""提交转板申报材料"",
    ""constraint"": ""应当按照本所股票停复牌有关规定申请股票于次一交易日停牌，并披露相关公告"",
    ""contextual_info"": """"
}

但根据用户提供的指南，constraint需要保留原文中的强制性表述，如“应当”。原文中的“应当”已经包含在constraint中，同时“按照本所股票停复牌有关规定”属于contextual_info，所以需要调整。可能之前的分析有误，需要重新检查。

原文中的“上市公司应当按照本所股票停复牌有关规定，申请股票于提交转板申报材料的次一交易日停牌，并披露相关公告。”这里的“按照本所股票停复牌有关规定”属于执行时的依据，应放在contextual_info中，而约束部分则是“申请股票于次一交易日停牌”和“披露相关公告”。因此，正确的拆分应该是：

subject: 上市公司
condition: 提交转板申报材料
constraint: 应当申请股票于次一交易日停牌，并披露相关公告
contextual_info: 按照本所股票停复牌有关规定

这样处理更符合指南中的要求，将执行依据放在contextual_info，而约束部分保留两个必须同时执行的动作，用“并”连接，因为它们是同一条件下的两个必须同时满足的要求，不需要拆分。因此，最终的cu是正确的。
","CompletionUsage(completion_tokens=937, prompt_tokens=2082, total_tokens=3019, completion_tokens_details=CompletionTokensDetails(accepted_prediction_tokens=None, audio_tokens=None, reasoning_tokens=869, rejected_prediction_tokens=None), prompt_tokens_details=PromptTokensDetails(audio_tokens=None, cached_tokens=0))"
16,"第十六条 上市公司收到上交所或深交所同意公司转板相关文书后，应当根据本所股票终止上市有关规定，申请股票终止上市。
上市公司收到本所同意股票终止上市相关文书后，应当及时披露，说明后续转板安排。","

<cu>
[
    {
        ""subject"": ""上市公司"",
        ""condition"": ""收到上交所或深交所同意公司转板相关文书后"",
        ""constraint"": ""应当根据本所股票终止上市有关规定，申请股票终止上市"",
        ""contextual_info"": """"
    },
    {
        ""subject"": ""上市公司"",
        ""condition"": ""收到本所同意股票终止上市相关文书后"",
        ""constraint"": ""应当及时披露，说明后续转板安排"",
        ""contextual_info"": """"
    }
]
</cu>","好的，我现在需要处理用户提供的法律条文，将其拆分为合规检查单元（cu）。首先，我要仔细阅读并理解用户提供的指南，确保每一步都符合要求。

首先，用户给出的法条是第十六条，分为两段。我需要分别处理每一段，看看是否需要拆分成多个cu。

第一段：“上市公司收到上交所或深交所同意公司转板相关文书后，应当根据本所股票终止上市有关规定，申请股票终止上市。” 

这里的主体是“上市公司”，条件部分是“收到上交所或深交所同意公司转板相关文书后”。注意，上交所和深交所在条件中是“或”的关系，根据指南中的原子性要求，条件中存在“或”的关系应当拆分。因此，这里需要拆分成两个cu吗？不过，仔细看条件中的主体是“上市公司”，而“上交所或深交所”是第三方，所以条件中的“或”属于不同的交易所，但都属于同意转板文书的情况。根据指南，条件中的“或”是否需要拆分？比如，如果条件中存在“或”，比如“收到A或B的文书”，是否需要拆分为两个条件？根据例子中的处理，比如第五条的例子，但书中的例外情况被合并到条件中。但这里的“上交所或深交所”是并列的第三方机构，属于同一条件的两种可能情况，因此不需要拆分，因为主体是同一个，条件中的“或”属于同一情况的不同可能，应保留在一个cu中。因此，条件部分应保持原样，不拆分。

约束部分是“应当根据本所股票终止上市有关规定，申请股票终止上市”。这里的“本所”可能指当前交易所，但需要保持原文，所以可能是指上交所或深交所中的哪一个？不过根据原文，可能这里的“本所”是指转板后的交易所，但用户提供的法条中可能“本所”指原来的交易所。不过根据指南，应保留原文，所以直接记录即可。因此，第一个cu的主体是上市公司，条件是收到任一交易所的同意转板文书，约束是申请终止上市。

第二段：“上市公司收到本所同意股票终止上市相关文书后，应当及时披露，说明后续转板安排。”

这里的主体还是“上市公司”，条件是收到本所同意终止上市的文书，约束是及时披露并说明安排。这里的“及时披露”和“说明后续转板安排”是否是两个约束？根据原子性要求，如果约束中存在“并”或者“且”的关系，应当拆分。例如，约束中的“应当及时披露，说明后续转板安排”是否是两个动作，需要拆分为两个cu？但根据指南中的例子，当约束中有多个并列动作时，是否需要拆分？例如，如果约束是“应当A并B”，是否需要拆分为两个cu？根据指南中的原子性要求，每个cu只能描述单一的义务场景。因此，这里的约束部分有两个动作：披露和说明安排，属于并列的约束，需要拆分为两个cu吗？

但原法条中的约束是“应当及时披露，说明后续转板安排”，这里的“说明”可能是披露内容的一部分，即披露时需要包含说明安排的内容。因此，可能属于同一个约束，不需要拆分。例如，约束是“及时披露并说明安排”，作为一个整体。因此，这里可能不需要拆分，保持为一个cu。

接下来，检查是否有contextual_info。这两段中没有需要放入contextual_info的内容，如计算方式或权利声明等，因此留空。

现在，将每个部分填入cu结构中：

第一个cu：
subject: 上市公司
condition: 收到上交所或深交所同意公司转板相关文书后
constraint: 应当根据本所股票终止上市有关规定，申请股票终止上市
contextual_info: 空

第二个cu：
subject: 上市公司
condition: 收到本所同意股票终止上市相关文书后
constraint: 应当及时披露，说明后续转板安排
contextual_info: 空

需要确认是否每个cu都满足原子性。第一个cu的条件是收到任一交易所的文书，约束是申请终止上市，属于单一义务。第二个cu的条件是收到终止上市文书，约束是披露和说明安排，但这里的披露和说明可能是一个动作的两个部分，因此作为一个约束。因此，不需要拆分。

最终生成两个cu，符合指南要求。
","CompletionUsage(completion_tokens=1003, prompt_tokens=2104, total_tokens=3107, completion_tokens_details=CompletionTokensDetails(accepted_prediction_tokens=None, audio_tokens=None, reasoning_tokens=887, rejected_prediction_tokens=None), prompt_tokens_details=PromptTokensDetails(audio_tokens=None, cached_tokens=0))"
17,"第十七条 上市公司终止转板相关事宜的，应当履行相应决策程序，并及时披露。上市公司应在披露董事会决议公告同时披露关于终止转板相关事宜的提示性公告，内容至少应当包括：
（一）董事会审议终止转板事宜的时间、审议结果等基本情况；
（二）上市公司就转板事宜已开展的各项工作；
（三）上市公司终止转板事宜的原因及对公司的影响；
（四）其他应当说明的事项。
上市公司终止转板相关事宜的，还应当及时召开投资者说明会，向投资者介绍情况、回答问题、听取建议。上市公司董事长、总经理应当出席。上市公司应当披露董事会决议公告同时披露关于召开投资者说明会的预告公告，并在会后及时披露召开情况。","

<cu>
[
    {
        ""subject"": ""上市公司"",
        ""condition"": ""终止转板相关事宜"",
        ""constraint"": ""应当履行相应决策程序，并及时披露"",
        ""contextual_info"": """"
    },
    {
        ""subject"": ""上市公司"",
        ""condition"": ""终止转板相关事宜"",
        ""constraint"": ""应在披露董事会决议公告同时披露关于终止转板相关事宜的提示性公告，内容至少应当包括：（一）董事会审议终止转板事宜的时间、审议结果等基本情况；（二）上市公司就转板事宜已开展的各项工作；（三）上市公司终止转板事宜的原因及对公司的影响；（四）其他应当说明的事项"",
        ""contextual_info"": """"
    },
    {
        ""subject"": ""上市公司"",
        ""condition"": ""终止转板相关事宜"",
        ""constraint"": ""应当及时召开投资者说明会，向投资者介绍情况、回答问题、听取建议"",
        ""contextual_info"": """"
    },
    {
        ""subject"": ""上市公司董事长 | 总经理"",
        ""condition"": ""终止转板相关事宜且需召开投资者说明会"",
        ""constraint"": ""应当出席"",
        ""contextual_info"": """"
    },
    {
        ""subject"": ""上市公司"",
        ""condition"": ""终止转板相关事宜且需召开投资者说明会"",
        ""constraint"": ""应当披露董事会决议公告同时披露关于召开投资者说明会的预告公告"",
        ""contextual_info"": """"
    },
    {
        ""subject"": ""上市公司"",
        ""condition"": ""终止转板相关事宜且已召开投资者说明会"",
        ""constraint"": ""应当及时披露召开情况"",
        ""contextual_info"": """"
    }
]
</cu>","好的，我现在需要处理用户提供的法律条文，将其拆分为合规检查单元（cu）。首先，我要仔细阅读并理解法条的内容，然后按照用户提供的指南逐步进行拆分。

首先，法条是第十七条，内容涉及上市公司终止转板相关事宜的决策程序、披露要求以及投资者说明会的召开和披露。我需要逐段分析，确定每个部分的主体、条件、约束和上下文信息。

第一段：“上市公司终止转板相关事宜的，应当履行相应决策程序，并及时披露。”这里的主体是“上市公司”，条件是“终止转板相关事宜”，约束是“应当履行相应决策程序，并及时披露”。这部分需要拆分为一个cu，其中条件和约束需要准确对应。

接下来，“上市公司应在披露董事会决议公告同时披露关于终止转板相关事宜的提示性公告，内容至少应当包括：（一）至（四）项。”这里的主体还是“上市公司”，条件是“终止转板相关事宜”，约束是披露提示性公告，并且内容至少包括四项。根据指南中的原子性要求，如果约束中有并列项，需要拆分为多个cu。但这里的情况是“内容至少应当包括”后面有四个分项，属于必须同时满足的并列条件，因此应拆分为四个独立的cu，每个对应一个分项。不过根据示例中的处理，当出现“至少应当包括”时，应作为一个整体处理，因为它们是必须同时满足的条件，而不是选择性的。因此，这里可能需要将四个分项合并到同一个cu的constraint中，而不是拆分。

然后，“上市公司终止转板相关事宜的，还应当及时召开投资者说明会，向投资者介绍情况、回答问题、听取建议。”这部分的主体还是“上市公司”，条件同上，约束是召开投资者说明会。这应作为一个独立的cu。

接下来的部分：“上市公司董事长、总经理应当出席。”这里的主体变为“上市公司董事长 | 总经理”，条件是“终止转板相关事宜且需召开投资者说明会”，约束是“应当出席”。这需要拆分为另一个cu。

最后，“上市公司应当披露董事会决议公告同时披露关于召开投资者说明会的预告公告，并在会后及时披露召开情况。”这里的主体是“上市公司”，条件同上，约束是披露预告公告和会后披露情况。这需要拆分为两个cu：一个关于预告公告的披露，另一个关于会后披露情况。

在拆分过程中，需要注意原子性要求，每个cu只能描述单一义务场景。同时，要保留原文中的量化指标和强制性表述，如“及时披露”、“应当出席”等。此外，确保不将应属于condition或constraint的信息放入contextual_info中，例如，关于披露内容的具体要求应作为constraint的一部分，而不是上下文信息。

现在，我需要检查是否有遗漏或错误。例如，关于提示性公告的四项内容是否应该拆分为四个cu。根据示例中的处理，当出现“内容至少应当包括”时，应作为一个整体，因为它们是必须同时满足的条件，因此应合并到一个cu的constraint中，而不是拆分。因此，这部分应作为一个cu，constraint中列出四个分项。

另外，关于披露预告公告和会后披露情况，是否需要拆分为两个cu？根据原子性要求，每个cu应描述单一义务。因此，“披露预告公告”和“会后披露召开情况”是两个独立的义务，应拆分为两个cu。

最后，确保所有cu的主体、条件和约束正确无误，上下文信息仅在必要时填写，如无则留空。
","CompletionUsage(completion_tokens=1065, prompt_tokens=2199, total_tokens=3264, completion_tokens_details=CompletionTokensDetails(accepted_prediction_tokens=None, audio_tokens=None, reasoning_tokens=706, rejected_prediction_tokens=None), prompt_tokens_details=PromptTokensDetails(audio_tokens=None, cached_tokens=0))"
12,"第十二条 上市公司根据本指引第六条、第十一条规定报备相关文件后，本所将启动二级市场股票交易核查程序，并在后续各阶段对股票交易情况进行持续监管。本所可以要求上市公司和保荐机构提交股票交易情况说明，就是否涉嫌内幕交易、是否会影响本次转板发表明确意见。
本所核查结果显示上市公司股票交易存在明显异常且告知上市公司和保荐机构核查结论的，上市公司原则上应当暂停推进本次转板事宜，但有证据表明相关异常交易情况不会影响本次转板的除外。
本次转板涉嫌内幕交易等违法违规行为被证监会立案调查或者被司法机关立案侦查的，上市公司应当暂停推进本次转板事宜，不得将转板事宜提交董事会或者股东大会审议。
上市公司已披露关于董事会审议转板相关事宜的提示性公告的，应当及时披露因股票交易涉嫌内幕交易可能终止本次转板事宜的风险提示公告。
上市公司召开董事会审议通过转板事宜后，自主决定终止转板相关事宜的，应当根据本指引第十七条规定履行决策程序，并及时披露。","

<cu>
[
    {
        ""subject"": ""本所"",
        ""condition"": ""上市公司根据本指引第六条、第十一条规定报备相关文件后"",
        ""constraint"": ""启动二级市场股票交易核查程序，并在后续各阶段对股票交易情况进行持续监管"",
        ""contextual_info"": ""本所可以要求上市公司和保荐机构提交股票交易情况说明，就是否涉嫌内幕交易、是否会影响本次转板发表明确意见""
    },
    {
        ""subject"": ""上市公司"",
        ""condition"": ""本所核查结果显示上市公司股票交易存在明显异常且告知核查结论，且无证据表明相关异常交易情况不会影响本次转板"",
        ""constraint"": ""应当暂停推进本次转板事宜"",
        ""contextual_info"": """"
    },
    {
        ""subject"": ""上市公司"",
        ""condition"": ""本次转板涉嫌内幕交易等违法违规行为被证监会立案调查或者被司法机关立案侦查"",
        ""constraint"": ""应当暂停推进本次转板事宜且不得将转板事宜提交董事会或者股东大会审议"",
        ""contextual_info"": """"
    },
    {
        ""subject"": ""上市公司"",
        ""condition"": ""已披露关于董事会审议转板相关事宜的提示性公告"",
        ""constraint"": ""应当及时披露因股票交易涉嫌内幕交易可能终止本次转板事宜的风险提示公告"",
        ""contextual_info"": """"
    },
    {
        ""subject"": ""上市公司"",
        ""condition"": ""召开董事会审议通过转板事宜后自主决定终止转板相关事宜"",
        ""constraint"": ""应当根据本指引第十七条规定履行决策程序并及时披露"",
        ""contextual_info"": """"
    }
]
</cu>","好的，我现在需要处理用户提供的法律条文，按照cu拆分指令的要求，将其拆分为合规检查单元。首先，我需要仔细阅读并理解整个法条的结构和内容，确保每个条款都被正确解析。

首先看第十二条，共有五段。我需要逐段分析，确定每个部分的主语、条件、约束和上下文信息。

第一段：“上市公司根据本指引第六条、第十一条规定报备相关文件后，本所将启动二级市场股票交易核查程序，并在后续各阶段对股票交易情况进行持续监管。本所可以要求上市公司和保荐机构提交股票交易情况说明，就是否涉嫌内幕交易、是否会影响本次转板发表明确意见。”

这里的主语是“本所”，因为启动核查程序和持续监管的主体是本所。条件部分是上市公司根据第六条和第十一条报备文件。约束是本所启动核查和持续监管。另外，第二句提到本所可以要求提交说明，这属于权利，应放在contextual_info中。

接下来第二段：“本所核查结果显示上市公司股票交易存在明显异常且告知上市公司和保荐机构核查结论的，上市公司原则上应当暂停推进本次转板事宜，但有证据表明相关异常交易情况不会影响本次转板的除外。”

这里的主语是“上市公司”，条件是核查结果显示异常且已告知，但书部分需要合并到条件中。约束是应当暂停推进，但存在例外情况。因此，条件应包含“存在明显异常且无证据表明不影响转板”。

第三段：“本次转板涉嫌内幕交易等违法违规行为被证监会立案调查或者被司法机关立案侦查的，上市公司应当暂停推进本次转板事宜，不得将转板事宜提交董事会或者股东大会审议。”

主语是上市公司，条件是转板被立案调查或侦查。约束是暂停推进且不得提交审议。这里有两个约束，需要拆分为两个cu，因为“应当暂停”和“不得提交”是并列的，但根据原子性原则，可能需要分开处理。不过根据示例中的处理方式，如果约束中有多个动作，可以合并为一个约束，但需要检查是否满足原子性。这里可能拆分为两个cu更合适，但需要看是否属于同一条件。根据原文，这两个约束是同一条件下的不同要求，因此可以合并为一个cu中的constraint，用“且”连接。

第四段：“上市公司已披露关于董事会审议转板相关事宜的提示性公告的，应当及时披露因股票交易涉嫌内幕交易可能终止本次转板事宜的风险提示公告。”

主语是上市公司，条件是已披露提示性公告，约束是及时披露风险提示公告。这部分比较直接，没有但书或其他复杂结构。

第五段：“上市公司召开董事会审议通过转板事宜后，自主决定终止转板相关事宜的，应当根据本指引第十七条规定履行决策程序，并及时披露。”

主语是上市公司，条件是召开董事会通过转板后自主决定终止。约束是履行决策程序和及时披露。这里有两个约束，同样需要判断是否拆分。根据原子性要求，如果约束是并列的“且”关系，应当拆分为两个cu。但根据示例中的处理，可能合并为一个cu中的constraint，用“并”连接。

现在需要检查每个部分是否符合cu构建规范，特别是条件中的但书处理、主体的正确识别，以及约束的拆分是否符合原子性要求。例如，第二段的但书需要合并到条件中，而不是单独作为contextual_info。第三段中的两个约束是否需要拆分，或者是否属于同一条件的不同要求，可以合并。

另外，注意contextual_info的使用，例如第一段中本所可以要求提交说明属于权利，应放在contextual_info中，而不是constraint。第五段中的“根据本指引第十七条”可能需要作为contextual_info，但根据规范，如果约束中包含具体规定，应保留在constraint中，而contextual_info用于无法归类的信息。

最后，确保每个cu的格式正确，使用正确的分隔符，没有遗漏或错误的信息。例如，主体是否准确，条件是否包含所有必要信息，约束是否完整保留原文的强制性和量化要求。
","CompletionUsage(completion_tokens=1197, prompt_tokens=2275, total_tokens=3472, completion_tokens_details=CompletionTokensDetails(accepted_prediction_tokens=None, audio_tokens=None, reasoning_tokens=839, rejected_prediction_tokens=None), prompt_tokens_details=PromptTokensDetails(audio_tokens=None, cached_tokens=0))"
11,"第十一条 上市公司应当在审议通过拟申请转板相关事宜的董事会决议披露之日起的十个交易日内，通过内幕信息知情人报备系统，提交下列内幕信息知情人报备文件：
（一）内幕信息知情人登记表；
（二）相关人员买卖上市公司股票的自查报告，自查期间为首次披露拟申请转板相关信息的前六个月至董事会决议披露之日；
（三）进程备忘录；
（四）上市公司全体董事对内幕信息知情人报备文件真实性、准确性和完整性的承诺书；
（五）本所要求的其他文件。","

<cu>
[
    {
        ""subject"": ""上市公司"",
        ""condition"": ""审议通过拟申请转板相关事宜的董事会决议披露之日起的十个交易日内"",
        ""constraint"": ""应当通过内幕信息知情人报备系统提交内幕信息知情人登记表"",
        ""contextual_info"": """"
    },
    {
        ""subject"": ""上市公司"",
        ""condition"": ""审议通过拟申请转板相关事宜的董事会决议披露之日起的十个交易日内"",
        ""constraint"": ""应当提交相关人员买卖上市公司股票的自查报告，自查期间为首次披露拟申请转板相关信息的前六个月至董事会决议披露之日"",
        ""contextual_info"": """"
    },
    {
        ""subject"": ""上市公司"",
        ""condition"": ""审议通过拟申请转板相关事宜的董事会决议披露之日起的十个交易日内"",
        ""constraint"": ""应当提交进程备忘录"",
        ""contextual_info"": """"
    },
    {
        ""subject"": ""上市公司"",
        ""condition"": ""审议通过拟申请转板相关事宜的董事会决议披露之日起的十个交易日内"",
        ""constraint"": ""应当提交上市公司全体董事对内幕信息知情人报备文件真实性、准确性和完整性的承诺书"",
        ""contextual_info"": """"
    },
    {
        ""subject"": ""上市公司"",
        ""condition"": ""审议通过拟申请转板相关事宜的董事会决议披露之日起的十个交易日内"",
        ""constraint"": ""应当提交本所要求的其他文件"",
        ""contextual_info"": """"
    }
]
</cu>","好的，我现在需要处理用户提供的法律条文，将其拆分为合规检查单元（cu）。首先，我要仔细阅读并理解用户提供的指南，确保每一步都符合要求。

首先看用户给的法条是第十一条，内容涉及上市公司在董事会决议披露后的十个交易日内需要提交的内幕信息知情人报备文件。我需要按照cu的四个部分来拆分：subject、condition、constraint和contextual_info。

首先确定主体（subject）。法条开头明确提到“上市公司”，所以subject应该是“上市公司”。

接下来是条件（condition）。法条中的条件是“审议通过拟申请转板相关事宜的董事会决议披露之日起的十个交易日内”，这里需要准确捕捉时间条件和事件触发点。注意这里的条件是一个时间窗口，从董事会决议披露之日起算十个交易日。

然后是约束（constraint）。约束部分要求上市公司通过内幕信息知情人报备系统提交五类文件。根据指南，如果约束中有并列项，需要拆分成多个cu，每个cu对应一个文件。但这里的情况是，第五项是“本所要求的其他文件”，这可能属于兜底条款，需要单独处理。不过根据示例中的情况，当有“应当符合以下条件之一”时，应作为一个整体处理，而不是拆分。但这里的五项是必须全部提交还是其中之一？根据法条中的“提交下列...文件”，应该是需要提交所有列出的文件，因此每个文件项都是必须的，属于并列的约束条件，需要拆分为多个cu。

不过，根据指南中的原子性要求，每个cu应描述单一义务场景。这里的五项文件是并列的，需要分别处理。例如，每一项文件都是一个独立的约束，因此应拆分为五个cu，每个对应一个文件项。但需要检查是否存在“或”还是“且”的关系。法条中的“提交下列文件”使用的是“：”和分项，说明需要同时提交所有列出的文件，因此每个文件都是必须的，属于“且”的关系，因此需要拆分为多个cu，每个对应一个文件项。

但根据示例中的第二个例子，当法条中有“应当符合以下条件之一”时，不需要拆分，而这里的五项是必须全部提交，所以每个文件项都是必须的，因此每个文件项应作为单独的约束，拆分为不同的cu。例如，每个文件项作为单独的constraint，但subject和condition相同。因此，生成五个cu，每个对应一个文件项。

不过，需要检查指南中的原子性要求中的并列条款处理。根据指南，如果constraint中存在“应当符合下列规定”的真并列关系，所有下列规定是“且”的关系，需要拆分。因此，这里的五项文件属于必须同时满足的约束，因此每个文件项应拆分为单独的cu，每个cu的constraint对应一个文件项，同时保持相同的subject和condition。

因此，正确的拆分应该是五个cu，每个对应一个文件项，subject都是“上市公司”，condition都是“审议通过拟申请转板相关事宜的董事会决议披露之日起的十个交易日内”，而constraint分别是每个文件的要求。此外，第五项中的“本所要求的其他文件”可能需要特别处理，但根据指南，应保留原文，因此直接作为constraint的一部分。

另外，需要注意每个cu的constraint是否包含强制性的动词，如“应当提交”。原法条中的约束是“提交下列...文件”，因此每个文件项前应加上“提交”动作。例如，第一项的constraint应为“应当提交内幕信息知情人登记表”。

同时，自查报告中的自查期间需要完整保留在constraint中，例如“提交相关人员买卖上市公司股票的自查报告，自查期间为首次披露拟申请转板相关信息的前六个月至董事会决议披露之日”。

最后，contextual_info部分是否需要填写？根据法条，没有额外的上下文信息，因此留空。

总结，拆分后的每个cu结构如下：

1. subject: 上市公司
   condition: 审议通过拟申请转板相关事宜的董事会决议披露之日起的十个交易日内
   constraint: 应当通过内幕信息知情人报备系统提交内幕信息知情人登记表
   contextual_info: 空

2. subject: 上市公司
   condition: 同上
   constraint: 应当提交相关人员买卖上市公司股票的自查报告，自查期间为首次披露拟申请转板相关信息的前六个月至董事会决议披露之日
   contextual_info: 空

3. subject: 上市公司
   condition: 同上
   constraint: 应当提交进程备忘录
   contextual_info: 空

4. subject: 上市公司
   condition: 同上
   constraint: 应当提交上市公司全体董事对内幕信息知情人报备文件真实性、准确性和完整性的承诺书
   contextual_info: 空

5. subject: 上市公司
   condition: 同上
   constraint: 应当提交本所要求的其他文件
   contextual_info: 空

需要确保每个cu的constraint部分正确反映原文要求，并且没有遗漏任何细节，如时间范围或具体要求。同时，检查是否有但书条款或其他例外情况，此处没有，因此无需处理例外。
","CompletionUsage(completion_tokens=1386, prompt_tokens=2172, total_tokens=3558, completion_tokens_details=CompletionTokensDetails(accepted_prediction_tokens=None, audio_tokens=None, reasoning_tokens=1060, rejected_prediction_tokens=None), prompt_tokens_details=PromptTokensDetails(audio_tokens=None, cached_tokens=0))"
21,第二十一条 本指引自发布之日起施行。,"

<cu>
[
    {
        ""subject"": """",
        ""condition"": """",
        ""constraint"": """",
        ""contextual_info"": ""本指引自发布之日起施行""
    }
]
</cu>","好的，我现在需要处理用户提供的法律条文，将其拆分为合规检查单元（cu）。首先，我需要仔细阅读并理解用户提供的指南，确保每一步都符合要求。

用户给出的法条是：“第二十一条 本指引自发布之日起施行。” 这是一个比较简短的法条，主要涉及指引的生效时间。根据指南中的规范，我需要分析每个部分是否符合subject、condition、constraint和contextual_info的定义。

首先看subject（主体）。这条法条的主语是“本指引”，但根据指南，主体是指受到法规限制或要求的主体。这里“本指引”本身并不是被约束的主体，而是法规本身，因此subject应为空。

接下来是condition（条件）。法条中的“自发布之日起”是一个时间条件，但这里的条件并不是针对某个主体的行为或状态，而是法规生效的时间点。根据指南，condition应描述规则触发的场景，但这里没有涉及具体主体的行为或状态，因此condition也应留空。

然后是constraint（约束）。法条中的“施行”表示法规开始生效，但并没有对任何主体提出具体的义务或限制。因此，constraint同样为空。

最后是contextual_info（辅助信息）。这里的信息是关于法规生效的时间，属于执行信息，符合指南中提到的“法条的立意和执行信息”应放在contextual_info中的规定。因此，需要将“本指引自发布之日起施行”完整记录在此字段。

根据原子性原则，这条法条不涉及任何需要拆分的情况，因为它没有规定具体的主体义务或条件。因此，整个法条应作为一个cu处理，其中subject、condition、constraint均为空，而contextual_info包含生效时间的信息。

需要确保没有遗漏任何细节，比如是否有可能误将“本指引”作为主体，但根据指南，主体必须是受约束的对象，而这里“本指引”是法规本身，不是被约束的主体。因此，处理是正确的。
","CompletionUsage(completion_tokens=435, prompt_tokens=2060, total_tokens=2495, completion_tokens_details=CompletionTokensDetails(accepted_prediction_tokens=None, audio_tokens=None, reasoning_tokens=392, rejected_prediction_tokens=None), prompt_tokens_details=PromptTokensDetails(audio_tokens=None, cached_tokens=0))"
