response,reasoning_content,api_usage
"

<RELATIONS>
[
    (""MEU_17_2"", ""exclude"", ""MEU_17_1""),
    (""MEU_21_4"", ""exclude"", ""Law_4"")
]
</RELATIONS>","好的，我现在需要分析给定的MEU列表，找出其中的exclude关系。首先，我需要明确exclude关系的定义：当源MEU成立时（即其主体和条件都满足），目标MEU的约束将失效。通常这种关系会有明确的触发词，比如“不受前款限制”或“无需遵守某条”。

接下来，我逐一检查每个MEU的constraint字段，寻找是否有提到排除其他MEU或法条的情况。

首先看MEU_7_1和MEU_7_2。它们的constraint提到“只适用本指引第二条、第三条、第十条、第十一条、第二十三条、第二十七条的规定”以及“只适用本指引第二条、第三条、第十至十二条、第二十三条、第二十七条的规定”。这里明确排除了其他条款，但需要确认是否排除了其他MEU。不过，这里的“只适用”可能是指仅适用这些条款，而不是排除其他MEU。因此，可能不构成exclude关系。

然后看MEU_17_2，其constraint是“可一次全部转让且不受前款转让比例限制”。这里的“前款”指的是MEU_17_1，所以这里明确排除了MEU_17_1的约束，符合exclude关系。因此，应记录（MEU_17_2，exclude，MEU_17_1）。

接下来检查MEU_21_4，其constraint是“不适用本指引第四条的规定”。这里的第四条对应MEU_4_1到MEU_4_10。因此，当满足MEU_21_4的条件时，第四条的所有相关MEU都不适用。所以，MEU_21_4排除了整个第四条，即Law_4。因此，应记录（MEU_21_4，exclude，Law_4）。

其他MEU的constraint中没有发现类似“不受前款限制”或“不适用某条”的表述，因此没有其他exclude关系需要记录。
","CompletionUsage(completion_tokens=465, prompt_tokens=8742, total_tokens=9207, completion_tokens_details=CompletionTokensDetails(accepted_prediction_tokens=None, audio_tokens=None, reasoning_tokens=415, rejected_prediction_tokens=None), prompt_tokens_details=PromptTokensDetails(audio_tokens=None, cached_tokens=0))"
"

<RELATIONS>
[
    (""MEU_7_1"", ""only_include"", [""Law_2"", ""Law_3"", ""Law_10"", ""Law_11"", ""Law_23"", ""Law_27""]),
    (""MEU_7_2"", ""only_include"", [""Law_2"", ""Law_3"", ""Law_10"", ""Law_11"", ""Law_12"", ""Law_23"", ""Law_27""])
]
</RELATIONS>","好的，我现在需要分析给定的MEU列表，找出其中存在的only_include关系。首先，我需要明确only_include的定义：当源MEU的主体和条件满足时，只需要考虑目标MEU或法条，而排除其他所有。这种关系通常出现在约束内容中明确提到“仅适用”某些条款的情况。

浏览所有MEU的constraint字段，寻找关键词如“只适用”、“仅适用”等。例如，在示例中，MEU_7_1的constraint是“只适用本指引第二条、第三条、第十条、第十一条、第二十三条、第二十七条的规定”，这明显符合only_include的条件。

接下来，逐一检查每个MEU：

1. MEU_7_1：约束中提到“只适用本指引第二条、第三条、第十条、第十一条、第二十三条、第二十七条的规定”，对应的法条编号为Law_2、Law_3、Law_10、Law_11、Law_23、Law_27。因此，这里应建立关系（MEU_7_1，only_include，[Law_2, Law_3, Law_10, Law_11, Law_23, Law_27]）。

2. MEU_7_2：约束内容为“只适用本指引第二条、第三条、第十至十二条、第二十三条、第二十七条的规定”。这里提到的法条是第二条、第三条、第十条到第十二条，以及第二十三条、第二十七条。转换为Law编号即Law_2、Law_3、Law_10、Law_11、Law_12、Law_23、Law_27。因此，关系为（MEU_7_2，only_include，[Law_2, Law_3, Law_10, Law_11, Law_12, Law_23, Law_27]）。

其他MEU的约束字段中，如MEU_21_4提到“不适用本指引第四条的规定”，这可能属于exclude关系，但根据任务说明，这部分由其他agent处理，因此无需考虑。其他约束如“应当遵守相关规定”没有排他性，不构成only_include。

确认没有其他MEU的约束中包含“仅适用”的明确表述后，可以确定只有MEU_7_1和MEU_7_2符合条件。因此，最终的only_include关系是这两个MEU指向对应的法条列表。
","CompletionUsage(completion_tokens=604, prompt_tokens=8700, total_tokens=9304, completion_tokens_details=CompletionTokensDetails(accepted_prediction_tokens=None, audio_tokens=None, reasoning_tokens=499, rejected_prediction_tokens=None), prompt_tokens_details=PromptTokensDetails(audio_tokens=None, cached_tokens=0))"
"

<RELATIONS>
[
(""MEU_18_1"", ""combine"", [""MEU_18_2"", ""MEU_18_3"", ""MEU_18_4""])
]
</RELATIONS>","好的，我现在需要分析给定的MEU列表，找出其中是否存在combine关系。首先，我需要回顾combine关系的定义：只有当多个MEU在描述同一个数值计算方法，且无法独立检验时才需要合并。如果它们可以分开检查，就不应该合并。

首先，我会浏览所有MEU，寻找那些可能涉及同一计算过程或相互依赖的条款。例如，在之前的示例中，MEU_18的几个子项都是关于计算可转让股份的不同情况，必须合并才能正确计算基数，因此需要combine。

现在看用户提供的MEU列表，我需要逐一检查是否有类似的情况。首先，注意到MEU_18的几个条目：

- MEU_18_1：以上年末所持股份总数作为基数计算可转让数量。
- MEU_18_2：当年未转让的股份计入次年基数。
- MEU_18_3：新增无限售股份可转25%，有限售的计入次年基数。
- MEU_18_4：权益分派增加的可同比例增加。

这些MEU都涉及如何计算每年的可转让股份数量，彼此之间是相互依赖的。例如，18_1的基数是18_2和18_3的基础，而18_2的结果又会影响下一年的基数。因此，单独检验任何一个都无法完整计算，必须合并才能正确执行检验。因此，这四个MEU应该被合并。

接下来，检查其他可能的组合。例如，MEU_4_2到MEU_4_6都是关于减持计划需要包含的内容，但每个内容可以独立检查，比如是否包含来源、数量、比例等，每个都是独立的约束，不需要合并。同样，MEU_5_2到5_4是减持结果公告的不同内容，各自独立，不需要合并。

MEU_12的几个子项（MEU_12_1到12_5）虽然都是关于减持计划的条件，但每个条件独立，比如股价低于发行价、净资产等，每个条件可以单独检查，因此不需要合并。

MEU_17_1和17_2涉及董监高转让股份的比例，但17_2是例外情况，可以独立检验，不需要合并。

其他如MEU_10和MEU_11中的各个条款都是不同的禁止减持条件，每个条件独立存在，不需要合并。

因此，唯一需要combine的是MEU_18的四个子项，它们共同构成了计算可转让股份的完整规则，必须合并检验。
","CompletionUsage(completion_tokens=556, prompt_tokens=8985, total_tokens=9541, completion_tokens_details=CompletionTokensDetails(accepted_prediction_tokens=None, audio_tokens=None, reasoning_tokens=509, rejected_prediction_tokens=None), prompt_tokens_details=PromptTokensDetails(audio_tokens=None, cached_tokens=0))"
"

<RELATIONS>
[
    (""MEU_4_9"", ""should_include"", ""Law_12""),
    (""MEU_7_1"", ""should_include"", [""Law_2"", ""Law_3"", ""Law_10"", ""Law_11"", ""Law_23"", ""Law_27""]),
    (""MEU_7_2"", ""should_include"", [""Law_2"", ""Law_3"", ""Law_10"", ""Law_11"", ""Law_12"", ""Law_23"", ""Law_27""]),
    (""MEU_13_3"", ""should_include"", ""Law_12""),
    (""MEU_24_5"", ""should_include"", [""Law_11"", ""Law_12""])
]
</RELATIONS>","好的，我现在需要分析给定的MEU列表，识别其中的should_include关系。首先，我需要明确should_include的定义：当MEU的constraint字段中明确提到需要符合或遵循本指引中的某些具体条款时，才建立这种关系。例如，提到“应当符合本指引第十三条至第十五条”这样的内容。

接下来，我逐一查看每个MEU的constraint字段。首先看MEU_4_9，它的constraint是“减持计划除应披露前款内容外，还应当说明是否符合本指引第十二条规定，以及上市公司是否存在其他重大负面事项或重大风险”。这里明确提到了本指引第十二条，所以MEU_4_9应该与Law_12建立should_include关系。

然后是MEU_7_1，其constraint是“只适用本指引第二条、第三条、第十条、第十一条、第二十三条、第二十七条的规定”。这里提到的条款都是本指引内的，所以需要将MEU_7_1与这些对应的Law条目关联，即Law_2、Law_3、Law_10、Law_11、Law_23、Law_27。

接下来是MEU_7_2，constraint中提到“只适用本指引第二条、第三条、第十至十二条、第二十三条、第二十七条的规定”。这里的范围包括第十条到第十二条，所以对应的Law条目是Law_2、Law_3、Law_10、Law_11、Law_12、Law_23、Law_27。

MEU_13_3的constraint是“应当在减持后6个月内继续遵守本指引第十二条第一款第二、三项规定”。这里明确指向第十二条，所以关联Law_12。

MEU_24_5的constraint是“应当在6个月内继续共同遵守本指引第十一条、第十二条的规定”，所以关联Law_11和Law_12。

MEU_24_6提到“应当比照控股股东、实际控制人遵守相关规定”，但这里没有具体条款，所以不处理。

其他MEU的constraint字段中没有提到需要符合本指引的具体条款，因此不需要建立should_include关系。例如，MEU_2_1提到遵守相关规定，但没有具体条款编号，所以不处理。类似地，MEU_21_2提到参照协议转让的规定，但没有具体条款，也不符合条件。

总结下来，符合条件的MEU有MEU_4_9、MEU_7_1、MEU_7_2、MEU_13_3、MEU_24_5，它们分别指向具体的Law条目。需要将这些关系以元组形式列出。
","CompletionUsage(completion_tokens=710, prompt_tokens=8557, total_tokens=9267, completion_tokens_details=CompletionTokensDetails(accepted_prediction_tokens=None, audio_tokens=None, reasoning_tokens=542, rejected_prediction_tokens=None), prompt_tokens_details=PromptTokensDetails(audio_tokens=None, cached_tokens=0))"
"

<RELATIONS>
[
    (""MEU_17_1"", ""depend"", ""MEU_18_1""),
    (""MEU_4_9"", ""depend"", ""Law_12""),
    (""MEU_13_3"", ""depend"", [""MEU_12_2"", ""MEU_12_3""])
]
</RELATIONS>","好的，我现在需要分析给定的MEU列表，找出其中的depend关系。首先，我需要明确depend关系的定义：在合规检查时，目标MEU的执行必须以源MEU的完成为前提。也就是说，检查某个MEU是否需要另一个MEU的结果作为中间数据才能进行判断。

首先，我会逐一查看每个MEU，特别是它们的约束条件和上下文信息，看看是否有对其他MEU或法条的依赖。例如，如果某个MEU的约束条件中提到需要根据另一条的计算结果，或者需要参考其他条款的数据，那么可能存在depend关系。

看MEU_17_1，它的约束是每年转让的股份不得超过所持本公司股份总数的25%。而MEU_18_1的上下文信息是以上年末所持股份总数作为基数计算可转让股份数量。显然，要确定MEU_17_1中的25%限制，必须先计算出基数，而基数的计算依据是MEU_18_1的规定。因此，MEU_17_1的执行依赖于MEU_18_1的结果，所以这里应该有一个depend关系。

接下来检查其他可能的依赖。例如，MEU_4_9提到减持计划需要说明是否符合本指引第十二条规定。第十二条对应的MEU是MEU_12_1到MEU_12_5。因此，检查MEU_4_9时，需要先确认是否符合第十二条中的各个条件，这可能意味着MEU_4_9依赖于这些MEU。但需要确认是否属于核查过程中的依赖。MEU_4_9的约束是减持计划需要说明是否符合第十二条，而第十二条中的各个MEU规定了具体的不得减持的情形。因此，在检查MEU_4_9时，可能需要先检查第十二条中的各个条件是否满足，所以可能存在depend关系。但根据之前的经验，如果只是引用其他条款作为检查内容的一部分，而不需要其计算结果作为中间数据，可能属于refer_to关系，而不是depend。因此，这里可能不构成depend关系。

再比如，MEU_13_2规定大股东通过协议转让减持导致不再具有大股东身份时，需继续遵守本指引第四条。第四条包括MEU_4_1到MEU_4_10，涉及预先披露减持计划等。因此，在检查MEU_13_2时，可能需要先检查是否符合第四条的披露要求，但同样，这里可能属于流程上的依赖，而不是核查过程中的数据依赖，因此可能不属于depend关系。

继续查看MEU_18_2到MEU_18_4，这些MEU提供了计算可转让股份的具体方法，可能被其他MEU依赖。例如，MEU_17_1的25%限制需要根据这些计算方法得出的基数。因此，除了MEU_18_1外，可能还有其他依赖。但MEU_17_1的约束条件是否还涉及其他MEU的计算？比如MEU_18_2提到当年未转让的股份计入次年基数，MEU_18_3提到新增股份的处理，MEU_18_4提到权益分派的影响。这些都可能影响MEU_17_1的计算，但MEU_17_1的约束是否直接需要这些MEU的结果？或者这些MEU是作为上下文信息，属于同一法条下的解释，可能被整体引用。例如，MEU_17_1可能需要依赖整个Law_18（即MEU_18_1到MEU_18_4），而不仅仅是MEU_18_1。但根据示例中的情况，当存在多个MEU共同构成计算规则时，可能需要依赖整个法条。例如，示例中的MEU_17_1依赖MEU_18_1，而如果其他MEU也涉及计算基数，可能需要依赖整个法条。但根据用户提供的示例，当依赖的是某个法条时，应记录为Law_n。例如，示例中的情况是MEU_17_1依赖MEU_18_1，但如果MEU_17_1需要依赖整个Law_18，则应记录为Law_18。但根据MEU_18_1到MEU_18_4的MEU_id，它们属于MEU_18的各个部分，而Law_18可能对应整个第十八条。因此，如果MEU_17_1需要依赖整个第十八条的所有MEU来计算基数，那么应记录为依赖Law_18。但根据示例中的情况，用户给出的示例是MEU_17_1依赖MEU_18_1，所以可能这里需要具体分析每个MEU的依赖关系。

回到MEU_17_1，其约束是每年转让不超过25%。而MEU_18_1规定基数计算是以上年末所持总数。因此，MEU_17_1需要MEU_18_1的结果作为基数。而MEU_18_2到MEU_18_4可能影响基数的计算，例如，如果当年未转让的股份计入次年基数，或者新增股份的处理，但这些可能属于后续年份的计算，而MEU_17_1的检查是针对当年的转让，所以可能只需要MEU_18_1的基数。因此，可能只有MEU_17_1依赖MEU_18_1。

接下来检查其他可能的MEU。例如，MEU_12_1到MEU_12_5中的约束条件是否依赖其他MEU。例如，MEU_12_1的约束是不得存在最近20个交易日内收盘价低于发行价，而contextual_info提到复权计算方式。如果这个计算方式在另一个MEU中定义，那么可能存在依赖。但根据现有数据，MEU_12_1的contextual_info已经说明了计算方法，因此可能不需要依赖其他MEU。

再比如，MEU_4_9的约束要求说明是否符合本指引第十二条，这可能需要在检查时先验证第十二条的条件，但这是否属于depend关系？根据之前的经验，如果检查MEU_4_9时需要先执行第十二条的检查以获取结果，那么存在依赖。例如，如果MEU_4_9的减持计划需要包含是否符合第十二条的情况，那么在检查MEU_4_9时，必须首先检查第十二条中的各个MEU是否满足，因此MEU_4_9的核查依赖于第十二条的结果。这种情况下，MEU_4_9的depend目标可能是Law_12（即整个第十二条）。但需要确认是否符合depend的定义。例如，MEU_4_9的约束是减持计划需要说明是否符合第十二条，而第十二条中的各个MEU规定了不得减持的情形。因此，在检查MEU_4_9时，需要先检查第十二条中的各个条件是否被违反，如果违反则减持计划不符合要求。因此，MEU_4_9的核查依赖于第十二条的结果，所以应记录为MEU_4_9 depend Law_12。

同样，MEU_4_10的约束要求明确控制权安排，这可能依赖其他条款，但如果没有具体的数据依赖，可能不属于depend关系。

MEU_13_3的约束要求继续遵守本指引第十二条第一款第二、三项规定。第十二条中的MEU_12_2和MEU_12_3对应这些项。因此，在检查MEU_13_3时，需要先检查这些MEU的条件，因此可能存在depend关系。即MEU_13_3的核查需要依赖MEU_12_2和MEU_12_3的结果，因此应记录为MEU_13_3 depend [MEU_12_2, MEU_12_3]。

此外，MEU_24_5提到解除一致行动关系后需继续遵守第十一条、第十二条，这可能意味着在检查时需要依赖这些条款的结果，但同样属于流程上的引用，可能属于refer_to而非depend。

总结可能的depend关系：

1. MEU_17_1依赖MEU_18_1，因为需要计算基数。
2. MEU_4_9依赖Law_12，因为需要检查是否符合第十二条的条件。
3. MEU_13_3依赖MEU_12_2和MEU_12_3，因为需要遵守这些条款的约束。

需要再次确认这些是否符合depend的定义。例如，MEU_4_9的约束是减持计划需要说明是否符合第十二条，因此在核查时，是否需要先执行第十二条的检查，以确定是否符合。如果是，则MEU_4_9的核查依赖于Law_12的结果，因此存在depend关系。同样，MEU_13_3的约束是继续遵守第十二条中的某些项，因此在检查MEU_13_3时，需要先检查这些项是否被违反，因此存在依赖。

因此，最终的depend关系应包括：

- (""MEU_17_1"", ""depend"", ""MEU_18_1"")
- (""MEU_4_9"", ""depend"", ""Law_12"")
- (""MEU_13_3"", ""depend"", [""MEU_12_2"", ""MEU_12_3""])

但需要确认Law_12是否对应整个第十二条，而MEU_12_1到MEU_12_5属于Law_12的各个MEU。根据示例中的情况，当依赖的是整个法条时，使用Law_n的编号。因此，如果MEU_4_9的核查需要依赖整个第十二条的所有MEU，则应记录为Law_12。而MEU_13_3的约束是继续遵守第十二条中的第二、三项，即MEU_12_2和MEU_12_3，因此应直接依赖这两个MEU。

此外，检查MEU_18_2到MEU_18_4是否被其他MEU依赖。例如，MEU_17_1的约束是否还涉及这些MEU。例如，如果基数计算需要考虑当年未转让的部分（MEU_18_2）或新增股份（MEU_18_3），那么MEU_17_1可能需要依赖这些MEU。但根据MEU_17_1的约束，每年转让的股份不得超过25%，而MEU_18_1提供了基数的计算方法，即上一年末的总数。MEU_18_2到MEU_18_4可能影响后续年份的基数，但MEU_17_1的检查是针对当年的转让，因此可能只需要MEU_18_1。因此，可能只有MEU_17_1依赖MEU_18_1。

综上，最终的depend关系应包括：

- MEU_17_1依赖MEU_18_1
- MEU_4_9依赖Law_12
- MEU_13_3依赖MEU_12_2和MEU_12_3

但需要再次确认这些是否符合depend的定义。例如，MEU_4_9的约束是减持计划需要说明是否符合第十二条，因此在核查时是否需要先执行第十二条的检查。如果是，则存在依赖。而MEU_13_3的约束是继续遵守第十二条中的某些项，因此在检查时需要这些项的结果，因此存在依赖。

因此，最终的输出应包括这些关系。
","CompletionUsage(completion_tokens=2423, prompt_tokens=8908, total_tokens=11331, completion_tokens_details=CompletionTokensDetails(accepted_prediction_tokens=None, audio_tokens=None, reasoning_tokens=2344, rejected_prediction_tokens=None), prompt_tokens_details=PromptTokensDetails(audio_tokens=None, cached_tokens=0))"
"

<RELATIONS>
[
    (""MEU_24_1"", ""refer_to"", ""《上市公司收购管理办法》""),
    (""MEU_4_4"", ""refer_to"", ""《上市规则》""),
    (""MEU_13_3"", ""refer_to"", ""Law_12""),
    (""MEU_15_1"", ""refer_to"", ""《上市规则》""),
    (""MEU_24_5"", ""refer_to"", [""Law_11"", ""Law_12""])
]
</RELATIONS>","好的，我现在需要分析给定的MEU列表，找出其中存在的refer_to关系。首先，我需要明确refer_to的定义：源MEU需要结合目标条款的信息作为补充才能完整解释。常见的情况是提到需要参考其他法律法规或法条，比如“适用《上市公司收购管理办法》规定”这样的表述。

首先，我会逐一检查每个MEU的各个字段，特别是contextual_info、constraint和condition，寻找是否有引用其他条款或法律法规的情况。

从列表开始：

1. MEU_1_1的contextual_info提到根据多个法规制定本指引，但根据用户指示，立法纲领性条款不需要构建refer_to，所以忽略。

2. MEU_2_1的constraint提到遵守本指引的相关规定，但属于should_include，不属于refer_to。

3. MEU_24_1的contextual_info明确说明“一致行动人的认定适用《上市公司收购管理办法》规定”，这符合refer_to的条件，因为需要参考外部法规。因此，这里应记录(MEU_24_1, refer_to, ""《上市公司收购管理办法》"")。

4. MEU_13_3的constraint提到“继续遵守本指引第十二条第一款第二、三项规定”。这里引用了本指引的第十二条，所以应记录(MEU_13_3, refer_to, ""Law_12"")。但需要注意，用户说明中提到当refer_to的目标为本法的法条时，编号为Law_n。这里第十二条可能对应Law_12，但需要确认是否有具体款。不过用户允许当提到款时用Law_n_k格式。但MEU_13_3中的“第十二条第一款第二、三项”可能更复杂，但根据用户示例，当提到法条的款时，可以记录为Law_12_1。不过这里可能涉及多个项，但用户示例中处理的是整个条款，所以可能直接引用Law_12。或者可能需要分开处理，但根据用户指示，当引用法条的款时，可以用Law_n_k。但这里的情况是第十二条第一款中的第二、三项，可能属于同一款下的不同项，但用户没有明确如何处理这种情况。根据用户示例中的处理方式，可能直接引用整个法条Law_12，或者更精确到款。但根据用户提供的示例中的情况，例如“本指引第四条规定”被引用时，可能对应Law_4。因此，这里MEU_13_3的约束中提到的“本指引第十二条第一款第二、三项规定”应视为引用Law_12_1的第二、三项，但由于用户允许使用Law_n_k格式，这里可能需要记录为(""MEU_13_3"", ""refer_to"", [""Law_12_1_2"", ""Law_12_1_3""])。但用户可能希望简化，直接引用整个法条Law_12。不过根据用户指示中的示例，当提到“本指引第四条规定”时，应记录为Law_4。因此，这里应记录为(""MEU_13_3"", ""refer_to"", ""Law_12"")。但可能更准确的是，因为提到了具体的款和项，但用户可能希望保持简单，所以可能直接引用Law_12。需要进一步判断。

但根据用户提供的示例中的情况，例如“一致行动人的认定适用《上市公司收购管理办法》规定”被记录为直接引用该法规名称，所以当MEU中明确提到其他法条时，直接引用。而MEU_13_3中的“本指引第十二条”应转换为Law_12，因此生成(""MEU_13_3"", ""refer_to"", ""Law_12"")。

5. MEU_22_2的constraint提到“遵守本办法关于控股股东、实际控制人减持股份的规定”。这里的“本办法”指的是本指引，所以应引用Law_n，但用户说明中提到“本指引”、“本办法”等自指不需要记录refer_to，因此这里可能属于should_include，不属于refer_to，所以忽略。

6. MEU_24_6的constraint提到“比照控股股东、实际控制人遵守相关规定”，但未明确引用具体法条，所以不处理。

7. MEU_12_1到MEU_12_5中的constraint可能涉及其他条款，但检查后发现没有明确的引用外部法规或具体法条的情况，只是内部条件，所以不处理。

8. MEU_15_1的condition提到“本所《上市规则》第十章”，这里需要引用《上市规则》第十章，属于外部法规，因此应记录(""MEU_15_1"", ""refer_to"", ""《上市规则》"")。

总结可能的refer_to关系：

- MEU_24_1的contextual_info引用了《上市公司收购管理办法》，所以生成(""MEU_24_1"", ""refer_to"", ""《上市公司收购管理办法》"")。

- MEU_13_3的constraint引用了本指引第十二条，所以生成(""MEU_13_3"", ""refer_to"", ""Law_12"")。

- MEU_15_1的condition引用了《上市规则》，所以生成(""MEU_15_1"", ""refer_to"", ""《上市规则》"")。

其他可能的检查：

检查MEU_4_4的constraint提到“本所《上市规则》及本指引规定的不得减持情形”，这里可能涉及refer_to到《上市规则》，所以生成(""MEU_4_4"", ""refer_to"", ""《上市规则》"")。

此外，MEU_9_2的constraint提到“应遵守《上市规则》及本指引相关规定”，这里属于should_include，不属于refer_to，所以不处理。

MEU_21_2的constraint提到“参照适用本指引关于协议转让方式减持股份的规定”，属于should_include，不处理。

MEU_24_3的constraint提到“遵守本指引关于控股股东、实际控制人减持股份的相关要求”，属于should_include，不处理。

MEU_24_5的constraint提到“继续共同遵守本指引第十一条、第十二条的规定”，属于引用本指引的法条，应生成(""MEU_24_5"", ""refer_to"", [""Law_11"", ""Law_12""])。

MEU_4_4的constraint中的“本所《上市规则》”属于外部法规，所以生成(""MEU_4_4"", ""refer_to"", ""《上市规则》"")。

MEU_15_1的condition中的“本所《上市规则》”同样生成(""MEU_15_1"", ""refer_to"", ""《上市规则》"")。

MEU_24_5的constraint中的“本指引第十一条、第十二条”生成(""MEU_24_5"", ""refer_to"", [""Law_11"", ""Law_12""])。

MEU_13_3的constraint中的“本指引第十二条”生成(""MEU_13_3"", ""refer_to"", ""Law_12"")。

MEU_24_1的contextual_info生成(""MEU_24_1"", ""refer_to"", ""《上市公司收购管理办法》"")。

此外，检查是否有其他可能的引用：

MEU_21_2的constraint提到“参照适用本指引关于协议转让方式减持股份的规定”，属于内部指引，但属于should_include，不处理。

MEU_22_5的constraint提到“参照适用本指引关于协议转让方式减持股份的规定”，同样属于should_include。

MEU_24_6的constraint提到“比照控股股东、实际控制人遵守相关规定”，未明确引用法条。

MEU_25_6和MEU_25_7的contextual_info提到“前述主体”，但属于内部指代，不涉及外部引用。

MEU_27_3的contextual_info提到“报中国证监会查处”，但属于程序性内容，不涉及条款引用。

综上，最终的refer_to关系包括：

1. MEU_24_1引用《上市公司收购管理办法》。

2. MEU_4_4引用《上市规则》。

3. MEU_15_1引用《上市规则》。

4. MEU_13_3引用Law_12。

5. MEU_24_5引用Law_11和Law_12。

需要确认是否符合用户要求：

- 当引用本指引的法条时，使用Law_n格式。例如，MEU_13_3中的“本指引第十二条”对应Law_12。

- MEU_24_5中的“第十一条、第十二条”对应Law_11和Law_12，因此生成列表。

- MEU_4_4中的“本所《上市规则》”是外部法规，直接记录字符串。

因此，最终的输出应包括这些关系。
","CompletionUsage(completion_tokens=1942, prompt_tokens=8874, total_tokens=10816, completion_tokens_details=CompletionTokensDetails(accepted_prediction_tokens=None, audio_tokens=None, reasoning_tokens=1832, rejected_prediction_tokens=None), prompt_tokens_details=PromptTokensDetails(audio_tokens=None, cached_tokens=0))"
