Content,Reasoning,Usage
"

<DEFINITIONS>
[
    {""本所"": ""北京证券交易所的简称""},
    {""董监高"": ""董事、监事、高级管理人员的简称""},
    {""大股东"": ""上市公司控股股东、实际控制人、持有5%以上股份的股东的统称""},
    {""上市公司董监高所持本公司股份"": ""登记在其名下和利用他人账户持有的所有本公司股份""}
]
</DEFINITIONS>","好的，我需要处理用户提供的法律条文，提取其中的全局定义。首先，我要仔细阅读所有条文，寻找符合定义特征的句子。根据用户提供的特征，比如“以下统称”、“以下简称”、“指”等关键词。

首先看第一条，里面有“北京证券交易所（以下简称本所）”，这里符合简称的定义，所以应该提取“本所”对应北京证券交易所。接下来还有“董事、监事、高级管理人员（以下简称董监高）”，同样属于简称，术语是“董监高”，定义是董事、监事、高级管理人员的简称。

第三条中提到“上市公司控股股东、实际控制人和持有5%以上股份的股东（以下统称大股东）”，这里用了统称，所以“大股东”的定义是这三类股东的统称。后面的条文中可能还有其他的定义，比如第四条里的“减持计划”是否有定义？但看起来第四条只是说明减持计划需要包含的内容，并没有给出全局定义，所以不需要提取。

第十条和第十一条中分别列举了大股东和控股股东、实际控制人不得减持的情形，但并没有创建新的术语定义，而是条件限制，所以不需要提取。第十二条里提到的“股票收盘价”有解释，但这里的解释是针对特定条款中的计算方式，可能属于局部定义而非全局，所以可能不需要提取。

第二十条提到“上市公司董监高所持本公司股份，是指登记在其名下和利用他人账户持有的所有本公司股份。”这里符合“指”的定义模式，所以术语是“上市公司董监高所持本公司股份”，定义是登记在其名下和利用他人账户持有的所有本公司股份。但是需要确认是否是全局定义，这里用的是“是指”，应该是全局性的。

再检查其他条文，比如第七条和第八条是否有统称或简称，但似乎没有。第九条中的“公司上市时未盈利的”等属于条件，并非定义。所以目前找到的四个定义：本所、董监高、大股东、上市公司董监高所持本公司股份。

要确保每个定义都是通过统称、简称、解释等方式建立的全局性定义，而不是局部或条件性的说明。例如，第十二条中虽然解释了收盘价的计算方式，但这是特定情况下的解释，可能不属于全局定义。而第二十条的定义是针对整个条文中“所持本公司股份”的全局解释，所以需要包含进去。

最后，按照输出规范，将每个定义作为字典项放入列表中，并确保描述准确保留原文的关键词和逻辑关系。
","CompletionUsage(completion_tokens=594, prompt_tokens=2671, total_tokens=3265, completion_tokens_details=CompletionTokensDetails(accepted_prediction_tokens=None, audio_tokens=None, reasoning_tokens=506, rejected_prediction_tokens=None), prompt_tokens_details=PromptTokensDetails(audio_tokens=None, cached_tokens=0))"
"

<DEFINITIONS>
[]
</DEFINITIONS>","好的，我现在需要处理用户提供的法律条文，提取其中的全局定义。首先，我要仔细阅读整个条文，寻找符合定义特征的结构。

从第二十一条开始，主要讲减持股份的情况，但没看到明显的定义术语。第二十二条提到离婚、法人终止等情况，但这里也没有定义新的术语。第二十三条关于融券卖出的限制，同样没有定义。

接下来是第二十四条，这里多次提到“一致行动人”，并且有解释一致行动人的认定适用《上市公司收购管理办法》规定。但用户提供的例子中，这种情况是否算全局定义呢？原文提到“一致行动人的认定适用...”，这可能是一个引用而非直接定义，所以可能不在此处提取。

第二十五条主要涉及报备信息的要求，没有定义。第二十六条提到股东开立多个证券账户时的合并计算，这里可能隐含了“股东”的定义，但原文并没有明确用统称或解释结构，所以不提取。

第二十七条到第二十九条是关于违规处理和解释权，同样没有定义术语。

现在需要回头再看一遍，确保没有遗漏。例如第二十四条中“一致行动人”虽然引用其他规定，但用户示例中有类似的情况吗？比如用户示例中的“战略投资者”是直接给出条件，而这里的一致行动人可能属于引用，所以可能不需要提取。因此，整个条文中可能没有符合用户要求的全局定义。

最后确认每个段落，确保没有符合统称、简称、解释等模式的结构。确实没有发现符合的情况，所以应该返回空列表。
","CompletionUsage(completion_tokens=321, prompt_tokens=1344, total_tokens=1665, completion_tokens_details=CompletionTokensDetails(accepted_prediction_tokens=None, audio_tokens=None, reasoning_tokens=309, rejected_prediction_tokens=None), prompt_tokens_details=PromptTokensDetails(audio_tokens=None, cached_tokens=0))"
