law_n,response,reasoning,api_usage
29,"

<EVALUATE>
{
  ""GT_MEU_29_1"": {
    ""been_responsed_by"": [""Gen_MEU_29_1""],
    ""state"": ""correct"",
    ""comment"": ""根据comment说明，Gen_MEU将施行时间放在constraint字段仍视为正确回应""
  }
}
</EVALUATE>","好的，我现在需要处理这个评估任务。首先，我要仔细阅读用户提供的GT_MEU和Gen_MEU的信息，然后根据给定的规则来判断Gen_MEU是否正确回应了GT_MEU。

首先看GT_MEU_29_1的情况。这个MEU的subject、condition、constraint都是nan，只有contextual_info是“本指引自发布之日起施行”。而注释中提到，如果有主体是“本指引”，或者在contextual_info或constraint里写了施行时间，也算对。这说明即使Gen_MEU将施行时间放在constraint而不是contextual_info里，只要语义正确，也应该视为正确回应。

接下来看Gen_MEU的情况。Gen_MEU_29_1的constraint是“自发布之日起施行”，而contextual_info是“本指引施行的时间规定”。虽然原GT的contextual_info中的内容被移动到了constraint字段，但根据注释的说明，这种情况是可以接受的。因为注释明确指出，只要在constraint或contextual_info中包含正确的施行时间，就算正确。因此，Gen_MEU_29_1的constraint部分正确表达了施行时间，符合GT的要求。

另外，需要检查是否有其他Gen_MEU回应了GT_MEU_29_1。根据提供的Gen_MEU列表，只有MEU_29_1一个，所以been_responsed_by数组里只有它。然后判断state是否为correct。因为Gen_MEU的constraint正确传达了施行时间，且注释允许这种处理方式，所以状态应该是correct。评论部分需要说明虽然位置不同，但根据注释视为正确。

总结下来，GT_MEU_29_1被Gen_MEU_29_1正确回应，状态是correct，评论指出根据注释，施行时间放在constraint也算正确。
","CompletionUsage(completion_tokens=454, prompt_tokens=2756, total_tokens=3210, completion_tokens_details=CompletionTokensDetails(accepted_prediction_tokens=None, audio_tokens=None, reasoning_tokens=377, rejected_prediction_tokens=None), prompt_tokens_details=PromptTokensDetails(audio_tokens=None, cached_tokens=0))"
1,"

<EVALUATE>
{
  ""GT_MEU_1_1"": {
    ""been_responsed_by"": [""Gen_MEU_1_1""],
    ""state"": ""correct"",
    ""comment"": ""Gen_MEU的contextual_info与GT_MEU完全一致，正确反映了制定依据和目的""
  }
}
</EVALUATE>","好的，我现在需要处理这个法律最小可执行单元（MEU）的评估任务。首先，我需要理解用户提供的GT_MEU和Gen_MEU的内容，然后根据给定的规则来判断Gen_MEU是否正确回应了GT_MEU。

首先看GT_MEU部分。这里有一个GT_MEU_1_1，它的subject、condition、constraint都是nan，而contextual_info里是一段关于制定本指引的目的和依据的说明。根据MEU的定义，contextual_info通常用于补充说明，比如制定依据、目的等，而约束性内容应该放在constraint里。但在这个案例中，GT_MEU_1_1的所有主要字段都是空的，只有contextual_info有内容，这说明这个MEU可能是一个总则或引言部分，没有具体的责任主体、条件或约束，只是说明制定该指引的背景和依据。

接下来看Gen_MEU部分，对应的MEU_1_1的结构和内容与GT_MEU_1_1完全一致，同样所有主要字段都是nan，contextual_info的内容也完全相同。根据评估规则，如果Gen_MEU的各个字段与GT_MEU完全一致，那么应该被判定为正确回应。此外，根据MEU的拆分规则，如果contextual_info中的内容属于制定依据或目的，而没有具体的约束性要求，那么即使所有主要字段为空，只要contextual_info的内容正确，就应视为正确。

需要检查是否有遗漏或错误。例如，是否有必要将contextual_info中的某些内容拆分到其他字段，但根据GT_MEU的结构，这里显然没有需要拆分的约束或条件，因此Gen_MEU_1_1完全复制了GT_MEU_1_1的内容，属于正确回应。此外，根据规则中的宽松处理，只要语义一致，即使结构相同，也视为正确。

因此，这个GT_MEU_1_1被Gen_MEU_1_1正确回应，状态为correct，没有遗漏或错误。
","CompletionUsage(completion_tokens=503, prompt_tokens=2865, total_tokens=3368, completion_tokens_details=CompletionTokensDetails(accepted_prediction_tokens=None, audio_tokens=None, reasoning_tokens=423, rejected_prediction_tokens=None), prompt_tokens_details=PromptTokensDetails(audio_tokens=None, cached_tokens=0))"
24,"

<EVALUATE>
{
  ""GT_MEU_24_1"": {
    ""been_responsed_by"": [""Gen_MEU_24_1""],
    ""state"": ""correct"",
    ""comment"": ""主体、约束及补充信息完全匹配""
  },
  ""GT_MEU_24_2"": {
    ""been_responsed_by"": [""Gen_MEU_24_6""],
    ""state"": ""wrong"",
    ""comment"": ""约束性内容被错误放置在contextual_info且未声明主体""
  },
  ""GT_MEU_24_3"": {
    ""been_responsed_by"": [""Gen_MEU_24_2""],
    ""state"": ""correct"",
    ""comment"": ""主体与约束内容完全对应""
  },
  ""GT_MEU_24_4"": {
    ""been_responsed_by"": [""Gen_MEU_24_3""],
    ""state"": ""wrong"",
    ""comment"": ""主体'相关方'未准确对应大股东及其一致行动人""
  },
  ""GT_MEU_24_5"": {
    ""been_responsed_by"": [""Gen_MEU_24_4""],
    ""state"": ""wrong"",
    ""comment"": ""条件中增加'大股东为控股股东、实际控制人'导致约束范围缩小""
  },
  ""GT_MEU_24_6"": {
    ""been_responsed_by"": [""Gen_MEU_24_5""],
    ""state"": ""correct"",
    ""comment"": ""主体、条件及约束完全等价""
  }
}
</EVALUATE>","好的，我现在需要处理用户提供的法律MEU评估任务。首先，我得仔细理解每个GT_MEU和对应的Gen_MEU，然后逐一比较它们是否符合要求。

首先看GT_MEU_24_1，它的主体是大股东和一致行动人，约束是共同遵守减持规定，contextual_info提到一致行动人的认定。对应的Gen_MEU_24_1的主体是大股东和一致行动人，约束和contextual_info都完全一致，所以这个应该是正确的，状态是correct。

接下来是GT_MEU_24_2，条件是大股东及一致行动人之间通过大宗交易或协议转让股份，约束视为减持并遵守规定。在Gen_MEU中，MEU_24_6的contextual_info里提到了这个内容，但Gen_MEU_24_6没有填写主体、条件和约束，而是放在contextual_info里。根据规则，约束性的内容应该放在constraint里，所以这里属于错误回应，状态是wrong，由MEU_24_6回应。

然后是GT_MEU_24_3，主体是控股股东和实际控制人的一致行动人，约束是遵守相关规定。Gen_MEU_24_2的主体是控股股东和实际控制人的一致行动人，约束也正确，所以这个是正确的，状态correct，由MEU_24_2回应。

GT_MEU_24_4的条件是解除一致行动关系，约束是6个月内遵守规定。对应的Gen_MEU_24_3的条件是解除一致行动关系，主体是“相关方”，但GT的主体是大股东及一致行动人。这里主体不完全匹配，所以状态是wrong，由MEU_24_3回应，但主体不正确。

GT_MEU_24_5的条件是解除一致行动关系且处于六个月内，约束是遵守11、12条。Gen_MEU_24_4的条件是“大股东为控股股东、实际控制人且解除关系”，而GT的条件是解除关系后的时间段，这里Gen的条件多了一个前提，导致约束范围变窄，属于错误回应，状态wrong，由MEU_24_4回应。

最后是GT_MEU_24_6，主体是第一大股东及一致行动人，条件是公司无控股股东且持股5%以上，约束是比照遵守规定。Gen_MEU_24_5的条件和主体都正确，所以状态correct，由MEU_24_5回应。

总结每个GT对应的Gen_MEU是否正确，根据语义和结构是否一致来判断。注意是否有遗漏条件或约束，以及是否正确放置各部分内容。
","CompletionUsage(completion_tokens=897, prompt_tokens=3525, total_tokens=4422, completion_tokens_details=CompletionTokensDetails(accepted_prediction_tokens=None, audio_tokens=None, reasoning_tokens=548, rejected_prediction_tokens=None), prompt_tokens_details=PromptTokensDetails(audio_tokens=None, cached_tokens=0))"
7,"

<EVALUATE>
{
  ""GT_MEU_7_1"": {
    ""been_responsed_by"": [""Gen_MEU_7_1""],
    ""state"": ""correct"",
    ""comment"": ""主体、条件和约束内容完全匹配，正确回应""
  },
  ""GT_MEU_7_2"": {
    ""been_responsed_by"": [""Gen_MEU_7_2""],
    ""state"": ""correct"",
    ""comment"": ""主体、条件和约束内容完全一致，正确覆盖条款范围""
  }
}
</EVALUATE>","好的，我现在需要处理这个法律最小可执行单元（MEU）的评估任务。首先，我得仔细理解用户提供的GT_MEU和Gen_MEU的数据，然后根据给定的规则来判断每个GT_MEU是否被正确回应。

首先看GT_MEU部分，有两个条目：GT_MEU_7_1和GT_MEU_7_2。它们的主题都是“上市公司大股东”，但条件和约束有所不同。GT_MEU_7_1的条件是减持通过交易所和股转系统竞价或做市买入的股份，约束是适用特定的条款。GT_MEU_7_2的条件是减持通过公开发行获得的股份，约束适用更多的条款，包括第十至十二条。

接下来看Gen_MEU部分，同样有两个条目：MEU_7_1和MEU_7_2。我需要逐一对比每个Gen_MEU是否对应到正确的GT_MEU，并检查它们的各个部分是否符合要求。

首先检查GT_MEU_7_1。对应的Gen_MEU_7_1的subject、condition和constraint是否完全一致。根据数据，MEU_7_1的subject是“上市公司大股东”，条件部分和约束部分与GT_MEU_7_1完全相同。contextual_info都是nan，所以这部分没有问题。因此，GT_MEU_7_1应该被正确回应，状态是correct，由MEU_7_1回应。

接下来是GT_MEU_7_2。对应的Gen_MEU_7_2的subject正确，条件部分也完全一致。约束部分，GT中的约束是“第二条、第三条、第十至十二条、第二十三条、第二十七条”，而Gen中的约束同样如此。这里的“第十至十二条”是否被正确表达？根据规则，如果Gen的约束覆盖了相同的条款范围，那么是正确的。因此，Gen_MEU_7_2的约束与GT_MEU_7_2完全一致，所以状态也是correct，由MEU_7_2回应。

另外，需要检查是否有其他Gen_MEU回应了这两个GT_MEU。根据提供的Gen_MEU列表，每个Gen_MEU都对应一个GT_MEU，没有遗漏或多余的情况。因此，两个GT_MEU都被正确回应，且没有其他Gen_MEU涉及。

还要注意是否有任何条件或约束的拆分错误。例如，条件中的“或”是否被正确拆分，或者约束中的“或”是否被错误拆分。在GT_MEU_7_1的条件中，“竞价或做市交易买入”中的“或”是否被正确处理。根据规则，条件中的“或”可以拆分为不同的MEU，但在这里Gen_MEU_7_1并没有拆分，而是保留了原样，所以是正确的，因为整体条件覆盖了相同的范围。同样，约束中的条款列表是并列的，没有涉及“或”或“且”的问题，所以无需拆分。

此外，检查是否有遗漏的comment或者contextual_info中的内容。两个GT的comment都是nan，所以不需要额外考虑。Gen中的contextual_info也都是nan，符合要求。

综上所述，两个GT_MEU都被对应的Gen_MEU正确回应，没有错误或遗漏的情况。因此，评估结果应该是两个GT_MEU的状态都是correct，分别由对应的Gen_MEU回应。
","CompletionUsage(completion_tokens=833, prompt_tokens=2988, total_tokens=3821, completion_tokens_details=CompletionTokensDetails(accepted_prediction_tokens=None, audio_tokens=None, reasoning_tokens=708, rejected_prediction_tokens=None), prompt_tokens_details=PromptTokensDetails(audio_tokens=None, cached_tokens=0))"
19,"

<EVALUATE>
{
  ""GT_MEU_19_1"": {
    ""been_responsed_by"": [""MEU_19_1""],
    ""state"": ""wrong"",
    ""comment"": ""Gen_MEU_19_1未明确标注责任主体(subject)，导致责任主体缺失，影响合规性判断""
  },
  ""GT_MEU_19_2"": {
    ""been_responsed_by"": [""MEU_19_2""],
    ""state"": ""correct"",
    ""comment"": ""主体、约束内容与GT_MEU完全匹配""
  }
}
</EVALUATE>","好的，我现在需要处理用户提供的GT_MEU和Gen_MEU数据，并按照给定的规则进行评估。首先，我需要仔细阅读每个GT_MEU和对应的Gen_MEU，然后逐一分析它们是否被正确回应。

首先看GT_MEU_19_1。它的subject是“上市公司”，condition和constraint都是nan，contextual_info提到公司章程可以设置更严格的限制。对应的Gen_MEU_19_1的contextual_info完全复制了这部分内容，但subject是nan。根据规则中的comment提示，如果GT的comment允许将subject放在contextual_info也算对，但这里GT的comment是nan，所以可能需要看是否有其他说明。不过根据评估规则中的一条，如果Gen_MEU的subject缺失但contextual_info中包含相关信息，可能要看是否影响语义。但这里GT的subject是明确的“上市公司”，而Gen_MEU_19_1的subject是nan，但contextual_info里提到了“上市公司章程”，所以可能隐含了subject。根据规则中的宽松处理，只要语义完整，可能算正确回应。但需要确认是否允许subject缺失。根据案例1中的例子，当Gen_MEU遗漏了condition中的部分内容会被判错。但这里GT的subject存在，而Gen的subject缺失，但contextual_info中提到了“上市公司”，所以可能被视作正确，因为主体隐含在contextual_info中。不过根据MEU的结构，subject是责任主体，必须明确。如果Gen_MEU_19_1的subject是nan，而GT的subject是“上市公司”，那么Gen的subject缺失是否导致错误？根据规则中的“如果某个MEU没有主体，但contextual_info中包含主体信息，可能算正确”，但需要看GT的comment是否有说明。这里GT的comment是nan，所以默认情况下，Gen的subject缺失是否影响？根据案例1中的GT_MEU_9_2，当Gen遗漏了condition中的部分内容，会被判为wrong。因此，如果Gen_MEU_19_1的subject缺失，而GT的subject存在，那么Gen的MEU是否回应了正确的subject？可能属于错误，因为subject是责任主体，必须明确。但根据规则中的“如果某个MEU的拆分方式不同，但并集等价”，可能要看是否语义一致。但这里Gen_MEU_19_1的contextual_info中提到了“上市公司章程”，所以责任主体是上市公司，但subject字段为空。根据规则中的宽松处理，可能允许这种情况，但需要看是否影响合规性判断。例如，在合规性检查时，是否要求subject必须匹配。如果Gen的subject为空，那么在检查时可能无法正确匹配到主体，导致无法触发约束。因此，这可能导致错误回应。因此，GT_MEU_19_1的been_responsed_by是Gen_MEU_19_1，但state是wrong，因为subject缺失。

接下来是GT_MEU_19_2，它的subject是“上市公司”，constraint是必须制定专项制度。对应的Gen_MEU_19_2的subject正确，constraint也完全一致，所以应该被正确回应，state是correct。

现在总结：

GT_MEU_19_1被Gen_MEU_19_1回应，但subject缺失，导致无法正确匹配责任主体，因此state是wrong。评论可能是“Gen_MEU_19_1的subject缺失，责任主体不明确”。

GT_MEU_19_2被Gen_MEU_19_2正确回应，所有字段匹配，state是correct。

所以最终的评估结果应该是：

GT_MEU_19_1的been_responsed_by是[""MEU_19_1""], state是wrong，评论关于subject缺失。

GT_MEU_19_2的been_responsed_by是[""MEU_19_2""], state是correct。
","CompletionUsage(completion_tokens=954, prompt_tokens=2915, total_tokens=3869, completion_tokens_details=CompletionTokensDetails(accepted_prediction_tokens=None, audio_tokens=None, reasoning_tokens=819, rejected_prediction_tokens=None), prompt_tokens_details=PromptTokensDetails(audio_tokens=None, cached_tokens=0))"
18,"

<EVALUATE>
{
  ""GT_MEU_18_1"": {
    ""been_responsed_by"": [""Gen_MEU_18_1""],
    ""state"": ""correct"",
    ""comment"": ""contextual_info内容完全一致""
  },
  ""GT_MEU_18_2"": {
    ""been_responsed_by"": [""Gen_MEU_18_2""],
    ""state"": ""wrong"",
    ""comment"": ""将本应属于contextual_info的计算规则错误拆分为condition和constraint，导致语义改变""
  },
  ""GT_MEU_18_3"": {
    ""been_responsed_by"": [""Gen_MEU_18_3"", ""Gen_MEU_18_4""],
    ""state"": ""correct"",
    ""comment"": ""两个Gen_MEU的并集完整覆盖了原GT_MEU中无限售和有限售条件的计算规则""
  },
  ""GT_MEU_18_4"": {
    ""been_responsed_by"": [""Gen_MEU_18_5""],
    ""state"": ""correct"",
    ""comment"": ""将权益分派导致股份增加的条件与约束正确分离，语义等价""
  }
}
</EVALUATE>","好的，我现在需要处理用户提供的GT_MEU和Gen_MEU数据，并按照给定的规则进行评估。首先，我需要仔细理解每个GT_MEU的内容，然后查看Gen_MEU是否正确地回应了它们。

首先看GT_MEU部分，共有四个MEU，都是关于上市公司董监高的股份转让计算规则，且它们的subject都是相同的，但condition和constraint都是nan，所有信息都在contextual_info里。这说明这些MEU主要是定义计算方式，属于补充说明，没有具体的触发条件或约束内容。根据评估规则，contextual_info可以包含计算方式或认定方式，只要信息完整即可。

接下来分析Gen_MEU。Gen_MEU有五个条目，MEU_18_1到MEU_18_5。我需要逐一比对每个GT_MEU是否被正确回应。

GT_MEU_18_1的contextual_info是“以上年末其所持股总数作为基数计算可转让股份数量”。对应的Gen_MEU_18_1的contextual_info完全一致，且其他字段都是nan，所以MEU_18_1正确回应了GT_MEU_18_1，状态应为correct。

GT_MEU_18_2的contextual_info是“当年可转让但未转让的本公司股份，应当计入当年末其所持有本公司股份的总数，以该总数作为次年可转让股份的计算基数”。Gen_MEU_18_2将这部分信息拆分到condition和constraint中。原GT中的信息是说明如何处理未转让的股份，属于计算基数的方法。根据规则，如果Gen_MEU将本应属于contextual_info的内容错误地放入condition或constraint，则视为错误。这里Gen_MEU_18_2的condition是“当年可转让但未转让的本公司股份”，而constraint是“应当计入当年末所持本公司股份总数并作为次年可转让股份的计算基数”。但原GT中并没有条件，只是说明计算方式，所以Gen_MEU_18_2错误地将信息拆分到了condition和constraint，导致语义改变。因此，GT_MEU_18_2未被正确回应，状态应为wrong，但需要检查是否有其他Gen_MEU回应。看起来没有其他Gen_MEU回应，所以been_responsed_by是[""MEU_18_2""]，但状态是wrong。

GT_MEU_18_3的contextual_info是“所持本公司股份在年内增加的，新增无限售条件股份当年可转让25%，新增有限售条件股份计入次年可转让股份的计算基数。”。Gen_MEU_18_3和MEU_18_4分别处理了新增无限售和有限售条件股份的情况。原GT中的信息被拆分成两个MEU，每个对应不同的条件。根据规则，如果拆分后的MEU的并集与原GT的语义一致，则视为正确。这里Gen_MEU_18_3的condition是“所持本公司股份在年内增加且新增无限售条件股份”，constraint是“新增股份当年可转让25%”；MEU_18_4的condition是“所持本公司股份在年内增加且新增有限售条件股份”，constraint是“新增股份计入次年可转让股份的计算基数”。原GT中的两种情况被正确拆分，且合并后与原信息一致，因此这两个Gen_MEU共同回应了GT_MEU_18_3，状态应为correct。

GT_MEU_18_4的contextual_info是“因上市公司实施权益分派导致所持本公司股份增加的，可同比例增加当年可转让数量”。对应的Gen_MEU_18_5的condition是“因上市公司实施权益分派导致所持本公司股份增加的”，constraint是“可同比例增加当年可转让数量”。原GT的信息在contextual_info中，而Gen_MEU_18_5将其拆分为condition和constraint。根据规则，如果本应属于contextual_info的内容被错误放入其他字段，则视为错误。但这里原GT的contextual_info实际上描述了一个条件（权益分派导致股份增加）和一个约束（可同比例增加），所以Gen_MEU_18_5正确地将条件与约束分开，可能符合正确的拆分。不过根据GT的原始结构，这些信息都在contextual_info，而Gen_MEU将其拆分为condition和constraint是否改变了语义？需要判断是否属于正确的回应。根据规则，如果拆分后的逻辑与原意一致，则正确。这里拆分后的条件与约束正确反映了原意，因此状态应为correct，但原GT的contextual_info没有条件或约束，所以Gen_MEU是否正确？或者是否应该保留在contextual_info中？根据评估规则中的“contextual_info可以存放计算方式，但如果有约束内容应放在constraint”，所以原GT中的信息实际上隐含了条件（权益分派导致增加）和约束（可同比例增加），所以Gen_MEU_18_5正确地将它们拆分到condition和constraint，因此回应正确。因此，GT_MEU_18_4被MEU_18_5正确回应，状态为correct。

现在需要检查每个GT_MEU是否被正确回应：

GT_MEU_18_1: 正确回应，Gen_MEU_18_1。

GT_MEU_18_2: Gen_MEU_18_2错误地将contextual_info拆分为condition和constraint，导致语义改变，因此状态为wrong。

GT_MEU_18_3: 被Gen_MEU_18_3和18_4共同回应，拆分正确，状态correct。

GT_MEU_18_4: 被Gen_MEU_18_5回应，拆分正确，状态correct。

但需要再次确认：

对于GT_MEU_18_4，原contextual_info中的内容是否应该放在contextual_info中，而Gen_MEU_18_5将其拆分为condition和constraint是否正确？根据规则，如果原GT的contextual_info中的信息实际上属于条件或约束，那么Gen_MEU正确拆分是允许的。例如，原GT中的“因上市公司实施权益分派导致所持本公司股份增加的”是条件，“可同比例增加当年可转让数量”是约束，所以Gen_MEU_18_5正确地将它们分开，因此回应正确。因此，GT_MEU_18_4的状态是correct，由MEU_18_5回应。

总结：

GT_MEU_18_1: been_responsed_by [""MEU_18_1""], correct.

GT_MEU_18_2: been_responsed_by [""MEU_18_2""], state wrong.

GT_MEU_18_3: been_responsed_by [""MEU_18_3"", ""MEU_18_4""], correct.

GT_MEU_18_4: been_responsed_by [""MEU_18_5""], correct.

但需要检查是否所有Gen_MEU都被正确分配。例如，是否有其他Gen_MEU回应了某个GT_MEU？

例如，GT_MEU_18_3的contextual_info包含两种情况，而Gen_MEU_18_3和18_4分别处理这两种情况，所以它们的并集覆盖了原GT的信息，因此正确。

对于GT_MEU_18_4，原信息被拆分为MEU_18_5，正确。

所以最终的评估结果应该是：

GT_MEU_18_1: correct, 由MEU_18_1回应。

GT_MEU_18_2: wrong, 由MEU_18_2回应，但拆分错误。

GT_MEU_18_3: correct, 由MEU_18_3和18_4回应。

GT_MEU_18_4: correct, 由MEU_18_5回应。
","CompletionUsage(completion_tokens=1943, prompt_tokens=3244, total_tokens=5187, completion_tokens_details=CompletionTokensDetails(accepted_prediction_tokens=None, audio_tokens=None, reasoning_tokens=1674, rejected_prediction_tokens=None), prompt_tokens_details=PromptTokensDetails(audio_tokens=None, cached_tokens=0))"
8,"

<EVALUATE>
{
  ""GT_MEU_8_1"": {
    ""been_responsed_by"": [""Gen_MEU_8_1""],
    ""state"": ""correct"",
    ""comment"": ""主体、条件和约束内容完全匹配，逻辑等价""
  }
}
</EVALUATE>","好的，我现在需要评估给定的GT_MEU和Gen_MEU之间的一致性。首先，看一下GT_MEU_8_1的内容。它的主体是“上市公司大股东”，条件是“同时持有适用减持预披露股份和不适用减持预披露股份并减持股份”，约束是“视为优先减持不适用预披露股份”，没有contextual_info。

接下来看Gen_MEU的情况，这里有一个MEU_8_1。它的主体同样是“上市公司大股东”，条件部分写的是“同时持有适用减持预披露股份和不适用减持预披露股份且减持股份”，约束和GT一样，是“视为优先减持不适用预披露股份”，contextual_info也是空的。

首先比较两者的条件部分。GT中的条件是“并减持股份”，而Gen中的条件是“且减持股份”。这里“并”和“且”在中文里都表示同时存在的条件，逻辑上是相同的，所以这里的条件部分应该是等价的，没有遗漏或改变原意。

主体部分完全一致，都是上市公司大股东。约束部分也完全相同。contextual_info都是空的，所以没有问题。此外，GT的comment也没有特殊要求，所以不需要额外考虑。

根据评估规则，只要主体、条件和约束都正确，并且语义和逻辑一致，就可以判定为正确回应。这里Gen_MEU_8_1在三个关键部分都与GT_MEU_8_1完全匹配，因此应该被标记为正确。同时，这个Gen_MEU是唯一回应GT_MEU_8_1的，所以been_responsed_by列表里只有MEU_8_1。没有其他Gen_MEU涉及，所以状态是correct，评论可以说明各部分完全匹配。
","CompletionUsage(completion_tokens=422, prompt_tokens=2775, total_tokens=3197, completion_tokens_details=CompletionTokensDetails(accepted_prediction_tokens=None, audio_tokens=None, reasoning_tokens=354, rejected_prediction_tokens=None), prompt_tokens_details=PromptTokensDetails(audio_tokens=None, cached_tokens=0))"
13,"

<EVALUATE>
{
  ""GT_MEU_13_1"": {
    ""been_responsed_by"": [""Gen_MEU_13_1""],
    ""state"": ""wrong"",
    ""comment"": ""Gen_MEU的condition错误地将'大股东减持'的触发条件替换为'受让方受让且处于时间区间', 导致触发逻辑发生根本性改变""
  },
  ""GT_MEU_13_2"": {
    ""been_responsed_by"": [""Gen_MEU_13_2""],
    ""state"": ""correct"",
    ""comment"": ""主体、条件和约束完全匹配""
  },
  ""GT_MEU_13_3"": {
    ""been_responsed_by"": [""Gen_MEU_13_3""],
    ""state"": ""correct"",
    ""comment"": ""将时间条件融入constraint的'减持后6个月内'表述，与GT_MEU的语义完全等价""
  }
}
</EVALUATE>","好的，我现在需要处理用户提供的法律MEU评估任务。首先，我需要仔细理解GT_MEU和Gen_MEU的内容，然后根据给定的规则逐一比较，判断每个GT_MEU是否被正确回应。

首先看GT_MEU的三个条目：

GT_MEU_13_1：
- 主体：受让方
- 条件：上市公司大股东通过大宗交易或协议转让方式减持股份
- 约束：受让后6个月内不得减持所受让的股份
- 其他信息：无特别注释。

对应的Gen_MEU中的MEU_13_1：
- 主体：受让方
- 条件：通过大宗交易或协议转让方式受让大股东减持的股份且在受让后6个月内
- 约束：不得减持所受让的股份

这里需要比较条件部分。GT的条件是“大股东减持”，而Gen的条件是“受让方受让且处于受让后6个月内”。看起来Gen的条件将时间条件合并到了条件中，而原GT的条件是大股东减持的行为，约束是受让方在受让后的6个月内不得减持。根据评估规则，如果Gen的condition和constraint的顺序或结构不同，但整体语义相同，可以视为正确。但这里Gen的条件添加了时间限制，而原GT的条件是大股东减持，约束是受让方的时间限制。可能Gen在这里将时间条件作为条件的一部分，而原GT的约束是时间限制。需要检查是否语义一致。例如，原GT的条件是大股东减持，此时受让方受让，约束是受让方在6个月内不得减持。而Gen的条件是受让方在受让后的6个月内，约束是不得减持。这可能等价，因为当受让方处于受让后的6个月内时，必须遵守约束。因此，可能Gen_MEU_13_1正确回应了GT_MEU_13_1。但需要确认是否条件中的时间部分应该属于约束。或者，原GT的条件是大股东减持，而Gen的条件是受让方受让且处于6个月内，这可能改变了触发条件。例如，原GT的条件是大股东减持时，受让方受让，此时触发约束。而Gen的条件是受让方处于受让后的6个月内，无论何时触发，只要在这个时间段内，就不得减持。这可能扩大了条件范围，导致约束被错误应用。例如，如果受让方在受让后的6个月内进行其他操作，可能被错误约束。因此，Gen的条件可能错误，导致约束的触发条件与原GT不同。因此，GT_MEU_13_1的回应可能错误。

接下来是GT_MEU_13_2：
- 主体：大股东
- 条件：通过协议转让减持导致不再具有大股东身份
- 约束：减持后6个月内继续遵守指引第四条
- Gen_MEU_13_2的条件和约束看起来完全匹配，主体也正确。所以这个应该是正确的。

GT_MEU_13_3：
- 主体：控股股东或实际控制人
- 条件：通过协议转让减持导致不再具有身份且处于减持后6个月内
- 约束：继续遵守第十二条的相关规定
- Gen_MEU_13_3的条件是减持导致不再具有身份，而约束是减持后6个月内遵守规定。原GT的条件中包含了时间条件“且处于减持后6个月内”，而Gen的条件中没有这个时间部分，而是将时间放在约束中？或者原GT的条件是减持导致身份丧失并且处于6个月内，而Gen的条件只是减持导致身份丧失，约束是减持后6个月内遵守。这可能是否等价？例如，原GT的条件是当减持导致身份丧失并且处于6个月内时，触发约束。而Gen的条件是减持导致身份丧失，约束是必须在减持后的6个月内遵守。这实际上是相同的，因为约束的时间限制是减持后的6个月，所以无论何时，只要减持导致身份丧失，约束就要求在之后的6个月内遵守。因此，Gen的条件可能正确，因为时间部分属于约束的时间范围，而不是条件的时间点。因此，Gen_MEU_13_3是否正确？

根据评估规则中的例子，比如案例中的GT_MEU_9_3的条件是“离职”，而约束是继续遵守。如果Gen的条件正确，约束正确，那么正确。这里原GT的条件是“减持导致不再具有身份且处于减持后6个月内”，而Gen的条件是“减持导致不再具有身份”，约束是“减持后6个月内遵守”。这可能是否等价？原GT的条件中的“且处于减持后6个月内”可能意味着在减持后的6个月内触发约束，而Gen的约束是要求在减持后的6个月内遵守，无论何时触发。例如，原GT的条件是当处于减持后的6个月内时，触发约束，而Gen的条件是只要减持导致身份丧失，无论何时，约束是必须在减持后的6个月内遵守。这可能语义相同，因为约束的时间范围是减持后的6个月，所以无论何时检查，只要在6个月内，就必须遵守。因此，Gen的拆分是正确的，因为时间属于约束的时间范围，而不是条件的时间点。因此，GT_MEU_13_3被正确回应。

现在需要检查每个Gen_MEU对应的GT：

GT_MEU_13_1的Gen回应是MEU_13_1。根据之前的分析，Gen的条件可能错误地将时间条件合并到条件中，导致触发条件与原GT不同。原GT的条件是大股东减持，此时受让方受让，触发约束：受让方在受让后的6个月内不得减持。而Gen的条件是受让方在受让后的6个月内，此时触发约束不得减持。这可能改变了触发条件，因为原GT的约束是在受让后的任何时间点，只要受让发生，就需在之后的6个月内不得减持。而Gen的条件是受让方处于受让后的6个月内，此时触发约束。例如，如果受让方在受让后的第7个月减持，原GT的约束已经过期，而Gen的条件可能不适用。因此，Gen的条件是否正确？或者原GT的约束是“受让后6个月内不得减持”，即无论何时，只要受让发生，受让方在之后的6个月内不得减持。而Gen的条件是受让方处于受让后的6个月内，此时触发约束不得减持。这实际上是相同的，因为约束的时间范围是受让后的6个月，所以Gen的条件正确。因此，可能Gen_MEU_13_1正确回应了GT_MEU_13_1。或者，原GT的条件是大股东减持，而Gen的条件是受让方受让且处于6个月内，这可能将大股东减持的条件遗漏了？例如，原GT的条件是当大股东减持时，受让方受让，此时触发约束。而Gen的条件是受让方受让且处于6个月内，不管大股东是否减持。这可能扩大了条件范围，导致即使大股东没有减持，只要受让方受让了股份且在6个月内，就触发约束。这显然错误，因为原GT的条件是大股东减持的情况下，受让方受让才会触发约束。而Gen的条件可能错误地将大股东减持的条件遗漏，只关注受让方的受让和时间。因此，Gen的条件是错误的，导致回应错误。因此，GT_MEU_13_1的回应是错误的。

总结：

GT_MEU_13_1被Gen_MEU_13_1回应，但条件部分错误，遗漏了大股东减持的条件，而将受让方的受让和时间作为条件，导致触发条件不同，因此状态为wrong。

GT_MEU_13_2被Gen_MEU_13_2正确回应，条件、主体和约束均正确，状态为correct。

GT_MEU_13_3被Gen_MEU_13_3回应，原GT的条件中的时间部分被正确转移到约束中，因此条件正确，约束正确，状态为correct。
","CompletionUsage(completion_tokens=1881, prompt_tokens=3091, total_tokens=4972, completion_tokens_details=CompletionTokensDetails(accepted_prediction_tokens=None, audio_tokens=None, reasoning_tokens=1666, rejected_prediction_tokens=None), prompt_tokens_details=PromptTokensDetails(audio_tokens=None, cached_tokens=0))"
2,"

<EVALUATE>
{
  ""GT_MEU_2_1"": {
    ""been_responsed_by"": [""Gen_MEU_2_1""],
    ""state"": ""correct"",
    ""comment"": ""主体、条件和约束完全匹配""
  },
  ""GT_MEU_2_2"": {
    ""been_responsed_by"": [""Gen_MEU_2_2""],
    ""state"": ""correct"",
    ""comment"": ""语义和逻辑约束完全一致""
  },
  ""GT_MEU_2_3"": {
    ""been_responsed_by"": [""Gen_MEU_2_3""],
    ""state"": ""correct"",
    ""comment"": ""主体、约束条件与GT_MEU完全对应""
  }
}
</EVALUATE>","好的，我现在需要处理用户提供的法律MEU评估任务。首先，我需要仔细理解任务的要求，确保自己正确评估每个GT_MEU是否被Gen_MEU正确回应。

首先，用户给出的GT_MEU有三个：GT_MEU_2_1、GT_MEU_2_2和GT_MEU_2_3。对应的Gen_MEU也有三个：MEU_2_1、MEU_2_2和MEU_2_3。我需要逐一检查每个GT_MEU是否被Gen_MEU正确回应，并记录下对应的Gen_MEU编号，以及判断其状态是正确还是错误，并给出评论。

首先看GT_MEU_2_1。它的subject是“上市公司股东 | 董监高”，condition是“减持其持有的本公司股份”，constraint是“应当遵守法律法规、部门规章、本所业务规则及本指引的相关规定”，contextual_info是nan。对应的Gen_MEU_2_1的各个字段看起来完全一致，subject、condition、constraint都匹配，没有遗漏或错误。因此，GT_MEU_2_1应该被MEU_2_1正确回应，状态是correct。

接下来是GT_MEU_2_2。它的subject同样，condition是“对持股比例、持股数量、持股期限、减持方式、减持比例、减持价格等做出公开承诺”，constraint是“应当严格履行所做出的承诺”。对应的Gen_MEU_2_2的各个字段也完全一致，所有部分都正确匹配。所以GT_MEU_2_2被MEU_2_2正确回应，状态correct。

然后是GT_MEU_2_3。它的subject包括“上市公司股东 | 实际控制人 | 董监高”，condition是nan，constraint是“不得通过任何方式或者安排规避本指引的规定”。对应的Gen_MEU_2_3的各个字段也完全一致，subject正确，condition同样是nan，constraint正确。因此，GT_MEU_2_3被MEU_2_3正确回应，状态correct。

需要检查是否有其他Gen_MEU回应了某个GT_MEU，但根据提供的Gen_MEU列表，每个Gen_MEU的编号与GT_MEU一一对应，且内容完全一致。因此，每个GT_MEU都被对应的Gen_MEU正确回应，没有遗漏或错误拆分的情况。此外，没有看到任何条件或约束被错误放置，比如contextual_info中没有包含本应属于其他部分的内容，也没有遗漏必要的前提或添加不必要的限制。

根据评估规则，只要Gen_MEU的各个部分与GT_MEU在语义和逻辑上完全一致，就应视为正确。在这种情况下，三个Gen_MEU都准确复制了对应的GT_MEU，因此所有状态都应该是correct，且每个都被对应的Gen_MEU回应。
","CompletionUsage(completion_tokens=789, prompt_tokens=3061, total_tokens=3850, completion_tokens_details=CompletionTokensDetails(accepted_prediction_tokens=None, audio_tokens=None, reasoning_tokens=618, rejected_prediction_tokens=None), prompt_tokens_details=PromptTokensDetails(audio_tokens=None, cached_tokens=0))"
20,"

<EVALUATE>
{
  ""GT_MEU_20_1"": {
    ""been_responsed_by"": [""Gen_MEU_20_1""],
    ""state"": ""correct"",
    ""comment"": ""Gen_MEU的contextual_info完整且准确地传达了GT_MEU的定义范围，语义一致""
  }
}
</EVALUATE>","好的，我现在需要处理这个评估任务。首先，看一下给定的GT_MEU和Gen_MEU的情况。

GT_MEU_20_1的各个字段都是nan，除了contextual_info，里面说明的是董监高所持股份的范围，包括登记在其名下和他人账户持有的。这里comment是nan，所以不需要特别处理。而Gen_MEU_20_1的contextual_info内容几乎相同，只是表述方式稍微不同，比如“定义范围包含”替换了“包括”，但语义应该是一致的。

根据评估规则，contextual_info主要存放定义、计算方式等非约束性内容。这里GT的contextual_info是关于股份的定义，Gen的也正确地将这部分放在contextual_info里，没有遗漏或错误放置到其他字段。因此，Gen_MEU_20_1完全覆盖了GT_MEU_20_1的语义，没有错误。所以，这个GT被正确回应，状态是correct，由Gen_MEU_20_1回应。
","CompletionUsage(completion_tokens=292, prompt_tokens=2763, total_tokens=3055, completion_tokens_details=CompletionTokensDetails(accepted_prediction_tokens=None, audio_tokens=None, reasoning_tokens=213, rejected_prediction_tokens=None), prompt_tokens_details=PromptTokensDetails(audio_tokens=None, cached_tokens=0))"
25,"

<EVALUATE>
{
  ""GT_MEU_25_1"": {
    ""been_responsed_by"": [""Gen_MEU_25_1""],
    ""state"": ""correct"",
    ""comment"": ""主体、条件和约束完全匹配""
  },
  ""GT_MEU_25_2"": {
    ""been_responsed_by"": [""Gen_MEU_25_2""],
    ""state"": ""correct"",
    ""comment"": ""语义和逻辑约束完全一致""
  },
  ""GT_MEU_25_3"": {
    ""been_responsed_by"": [""Gen_MEU_25_3""],
    ""state"": ""correct"",
    ""comment"": ""所有字段均正确对应""
  },
  ""GT_MEU_25_4"": {
    ""been_responsed_by"": [""Gen_MEU_25_4""],
    ""state"": ""correct"",
    ""comment"": ""条件中的语法差异不影响法律实质""
  },
  ""GT_MEU_25_5"": {
    ""been_responsed_by"": [""Gen_MEU_25_5""],
    ""state"": ""wrong"",
    ""comment"": ""约束内容被错误放置在contextual_info""
  },
  ""GT_MEU_25_6"": {
    ""been_responsed_by"": [""Gen_MEU_25_6""],
    ""state"": ""wrong"",
    ""comment"": ""约束内容未在constraint字段体现""
  },
  ""GT_MEU_25_7"": {
    ""been_responsed_by"": [""Gen_MEU_25_7""],
    ""state"": ""wrong"",
    ""comment"": ""缺少对'前述主体'的明确定义导致语义不完整""
  },
  ""GT_MEU_25_8"": {
    ""been_responsed_by"": [""Gen_MEU_25_8""],
    ""state"": ""correct"",
    ""comment"": ""主体、条件和约束完全匹配""
  }
}
</EVALUATE>","好的，我现在需要处理用户提供的法律最小可执行单元（MEU）评估任务。首先，我需要仔细理解任务的要求，确保自己正确评估生成的MEU（Gen_MEU）与真实标注的MEU（GT_MEU）之间的一致性。

首先，用户给出的GT_MEU和Gen_MEU列表都是针对同一法条（第25条）的不同拆分。我的任务是为每个GT_MEU确定是否有对应的Gen_MEU正确回应，并判断其整体是否正确。

让我先逐一对比每个GT_MEU和Gen_MEU的各个字段，包括subject、condition、constraint和contextual_info。同时，需要注意用户提到的评估规则，比如并列关系的处理、条件或约束的拆分是否正确，以及contextual_info是否包含不应有的约束内容。

首先看GT_MEU_25_1：
- subject是“上市公司大股东 | 董监高”，condition是nan，constraint是报备信息。对应的Gen_MEU_25_1的各个字段完全一致，所以应该正确回应，状态是correct。

接下来是GT_MEU_25_2：
- subject是上市公司大股东，condition是存在一致行动人，constraint是维护信息。Gen_MEU_25_2的各个字段也完全匹配，因此正确，状态correct。

GT_MEU_25_3：
- subject是公司大股东 | 董监高，constraint是保证信息真实。对应的Gen_MEU_25_3同样匹配，状态correct。

GT_MEU_25_4：
- subject是公司董监高，condition是股份变动非权益分派，constraint是报告并披露。Gen_MEU_25_4的条件中多了一个“的”字，但中文中这可能只是语法上的小错误，不影响语义。因此，这里可能视为正确。但需要确认是否这个“的”导致条件变化。例如，原GT的条件是“不属于因权益分派导致”，而Gen的条件是“不属于因权益分派导致的”，可能只是语法上的正确，不影响条件内容。因此，应视为正确回应，状态correct。

GT_MEU_25_5：
- subject是董事会秘书，constraint是负责管理数据。对应的Gen_MEU_25_5将constraint的内容放到了contextual_info中。根据评估规则，如果本应属于constraint的内容被放在contextual_info，属于错误。因为约束内容应该明确在constraint字段，而contextual_info不能包含约束性内容。因此，Gen_MEU_25_5的constraint是nan，而原GT的constraint有内容，所以这里属于错误回应。状态wrong，因为约束被错误放置。

GT_MEU_25_6：
- subject是董事会秘书，constraint是统一办理申报，contextual_info说明主体。Gen_MEU_25_6同样将constraint的内容放在contextual_info，而constraint字段为nan。同样的问题，约束内容应放在constraint字段，所以状态wrong。

GT_MEU_25_7：
- subject是董事会秘书，constraint是每季度检查披露情况，contextual_info说明主体。对应的Gen_MEU_25_7的constraint正确，但contextual_info是nan。原GT的contextual_info是“前述主体指...”，而Gen中没有。但根据评估规则，contextual_info中的补充说明如果被正确包含在三个主要字段中，可以宽松处理。但这里Gen的constraint字段正确，而contextual_info缺失是否影响？原GT的contextual_info是解释“前述主体”，而Gen的MEU可能在subject或其它字段已经明确，所以可能不影响。但需要看Gen的MEU是否完整覆盖了GT的语义。例如，Gen的MEU_25_7的subject是董事会秘书，constraint是每季度检查，但原GT的contextual_info是说明“前述主体”，而Gen中没有这个说明。如果Gen的MEU在其它地方已经定义了“前述主体”，比如在之前的MEU中，可能没问题。但在这里，Gen_MEU_25_7的contextual_info是nan，而原GT的contextual_info是必要的说明。因此，Gen的MEU缺少了这部分信息，导致约束中的“前述主体”不明确，可能影响正确性。因此，这里状态应为wrong，因为缺少必要的contextual_info，导致语义不完整。

GT_MEU_25_8：
- subject是董事会秘书，condition是发现违法违规，constraint是报告。对应的Gen_MEU_25_8完全匹配，状态correct。

总结各点：
- GT_25_1到25_4和25_8的Gen_MEU正确回应。
- GT_25_5和25_6的约束被错误放置在contextual_info，导致错误。
- GT_25_7缺少必要的contextual_info，导致语义不完整，状态wrong。
","CompletionUsage(completion_tokens=1475, prompt_tokens=3652, total_tokens=5127, completion_tokens_details=CompletionTokensDetails(accepted_prediction_tokens=None, audio_tokens=None, reasoning_tokens=1042, rejected_prediction_tokens=None), prompt_tokens_details=PromptTokensDetails(audio_tokens=None, cached_tokens=0))"
12,"

<EVALUATE>
{
  ""GT_MEU_12_1"": {
    ""been_responsed_by"": [""Gen_MEU_12_2""],
    ""state"": ""wrong"",
    ""comment"": ""Gen_MEU_12_2的condition未完整包含'首次披露减持计划且不存在已披露情况'的核心限定，且通过引用条款方式弱化了直接约束""
  },
  ""GT_MEU_12_2"": {
    ""been_responsed_by"": [""Gen_MEU_12_1""],
    ""state"": ""wrong"",
    ""comment"": ""Gen_MEU_12_1将三个独立约束合并表述，导致逻辑运算关系改变（原GT要求任一情形违规即触发，而Gen表述为并列约束）""
  },
  ""GT_MEU_12_3"": {
    ""been_responsed_by"": [""Gen_MEU_12_1""],
    ""state"": ""wrong"",
    ""comment"": ""Gen_MEU_12_1将净利润约束与其他约束合并，破坏MEU独立检验原则，导致约束覆盖范围扩大""
  },
  ""GT_MEU_12_4"": {
    ""been_responsed_by"": [""Gen_MEU_12_2""],
    ""state"": ""wrong"",
    ""comment"": ""Gen_MEU_12_2未明确condition中'上市后不再具备主体身份'的特殊情形，仅通过contextual_info补充说明""
  },
  ""GT_MEU_12_5"": {
    ""been_responsed_by"": [""Gen_MEU_12_3""],
    ""state"": ""wrong"",
    ""comment"": ""Gen_MEU_12_3的condition缺失'首次披露减持计划且不存在已披露情况'的核心要件，仅保留主体特殊身份条件""
  }
}
</EVALUATE>","好的，我现在需要处理这个法律MEU评估任务。首先，我得仔细理解用户提供的GT_MEU和Gen_MEU，然后按照规则逐一比较，判断每个GT_MEU是否被正确回应。

首先看GT_MEU部分，共有五个条目，分别是GT_MEU_12_1到GT_MEU_12_5。每个MEU都有不同的主体、条件和约束。Gen_MEU有四个条目，MEU_12_1到MEU_12_4。我需要逐个分析每个GT_MEU对应的Gen_MEU是否存在，并判断其正确性。

开始分析GT_MEU_12_1。它的主体是公开发行时的控股股东或实际控制人，条件包括首次披露减持计划且不存在已披露的情况，约束是收盘价不低于发行价。Gen_MEU_12_2的主体是公开发行时的控股股东或实际控制人，条件只是“减持股份”，但约束是遵守第一款第一项，即可能对应到收盘价不低于发行价。此外，contextual_info提到了上市后身份变化仍需遵守，这和GT_MEU_12_1的comment中的要求一致。所以GT_MEU_12_1可能被MEU_12_2回应。但需要检查条件是否完整。GT的条件更具体，而Gen的条件更宽泛，可能遗漏了首次披露和不存在已披露的情况。因此，Gen_MEU_12_2的条件不够准确，导致state为wrong。另外，Gen_MEU_12_1的约束包含了多个情形，其中第一个情形对应GT_MEU_12_1的约束，但Gen_MEU_12_1的主体是上市公司控股股东等，可能不包含公开发行时的主体。所以GT_MEU_12_1可能被MEU_12_2回应，但条件不完整，状态是wrong。

接下来是GT_MEU_12_2，主体是上市公司控股股东等，约束是收盘价不低于净资产。Gen_MEU_12_1的约束中的第二个情形对应这一点，但Gen_MEU_12_1的主体是否匹配？GT的主体是上市后的，而Gen的主体是上市公司控股股东等，可能正确。但Gen的条件是否覆盖了GT的条件？GT的条件是首次披露减持计划且不存在已披露的情况，而Gen的条件是首次披露减持计划时，可能更宽泛，但可能正确。但Gen的约束将三个情况合并，可能正确。不过，GT的约束是不得存在任一情形，而Gen的约束是三个情形同时存在吗？或者是否拆分了？根据MEU的拆分规则，约束中的“且”可以拆分，但这里的三个情形是“或”的关系吗？如果Gen的约束是三个独立的情形，那么合并到一个MEU中可能正确。但根据GT的拆分，每个情形是单独的MEU，所以Gen_MEU_12_1可能错误地将多个约束合并，导致无法正确覆盖每个GT_MEU。因此，GT_MEU_12_2可能被MEU_12_1回应，但约束被合并，导致语义不同，状态为wrong。

GT_MEU_12_3的约束是净利润为负。Gen_MEU_12_1的第三个情形对应这一点，但同样的问题，合并到同一个MEU中是否正确？根据规则，如果Gen的MEU将多个约束合并，而每个约束在GT中是独立的MEU，那么Gen的回应是错误的，因为它们的拆分方式不同，导致逻辑运算结果可能不同。例如，如果Gen的MEU要求同时满足三个条件才算违规，而实际上每个条件单独触发违规，那么合并会导致错误。因此，GT_MEU_12_3被MEU_12_1回应，但状态为wrong。

GT_MEU_12_4的主体是上市后不再具备身份的控股股东等，约束同GT_MEU_12_1。Gen_MEU_12_2的contextual_info提到了上市后身份变化仍需遵守，所以可能回应了GT_MEU_12_4。但Gen_MEU_12_2的主体是公开发行时的控股股东等，而GT_MEU_12_4的主体是上市后不再具备身份的，可能Gen_MEU_12_2的条件是否正确？Gen的条件是“减持股份”，而GT的条件是首次披露等。因此，条件可能不完整，导致状态为wrong。或者，可能Gen_MEU_12_2的约束引用了正确条款，但条件是否覆盖？需要看是否满足GT的条件。GT的条件是首次披露减持计划且不存在已披露的情况，而Gen的条件是减持股份，可能更宽泛，导致条件不准确，所以状态为wrong。

GT_MEU_12_5的主体是发行时持股5%以上的第一大股东等，条件是在无控股股东情况下减持，约束是收盘价不低于发行价。Gen_MEU_12_3的主体是发行时持股5%以上的第一大股东等，条件是上市公司在无控股股东情况下减持，约束是遵守第一款第一项，即收盘价不低于发行价。这可能正确回应了GT_MEU_12_5。但需要检查条件是否完整。GT的条件包括首次披露减持计划且不存在已披露的情况，而Gen的条件是“减持股份”，可能遗漏了首次披露等条件。因此，Gen的条件不完整，导致状态为wrong。此外，Gen_MEU_12_3的约束是否正确引用了条款？如果正确，可能正确，但条件不完整，所以整体错误。

另外，Gen_MEU_12_4的contextual_info提到了收盘价计算方式，对应GT_MEU_12_2的contextual_info，但Gen_MEU_12_4没有主体、条件和约束，无法回应任何GT_MEU，所以可能未被回应。

总结每个GT_MEU的回应情况：

GT_MEU_12_1：被MEU_12_2回应，但条件不完整，状态wrong。
GT_MEU_12_2：被MEU_12_1回应，但约束合并导致错误，状态wrong。
GT_MEU_12_3：被MEU_12_1回应，但约束合并错误，状态wrong。
GT_MEU_12_4：可能被MEU_12_2回应，但条件不完整，状态wrong。
GT_MEU_12_5：被MEU_12_3回应，但条件不完整，状态wrong。
此外，GT_MEU_12_4是否还有其他回应？比如MEU_12_2的contextual_info是否覆盖了上市后的主体？需要看主体是否匹配。GT_MEU_12_4的主体是上市后不再具备身份的，而Gen_MEU_12_2的主体是公开发行时的，但contextual_info提到上市后仍要遵守，可能覆盖了GT_MEU_12_4的主体，但条件是否正确？可能Gen的条件是减持股份，而GT的条件是首次披露等，所以条件不完整，导致错误。

此外，Gen_MEU_12_1的但书条款是否覆盖了GT中的条件中的“不存在已披露的情况”？可能条件中的“且不存在已经按照本指引第四条披露减持计划”被Gen的但书条款处理，但Gen的条件是否包含这一点？Gen的条件是“首次披露减持计划时”，而但书条款可能作为例外情况。这可能正确，但需要看条件是否准确。如果Gen的条件是首次披露减持计划时，而但书条款处理了例外，那么条件可能正确。但GT的条件是“首次披露减持计划，且不存在已经按照第四条披露的情况”，而Gen的条件是“首次披露减持计划时”，可能正确，因为但书条款排除了已披露的情况。因此，可能Gen的条件是正确的，但需要确认。

例如，GT的条件是“首次披露减持计划，且不存在已经按照第四条披露的情况”，而Gen的条件是“首次披露减持计划时”，并且但书条款是“已经按照第四条披露的除外”。这可能等价，因为但书条款排除了已披露的情况，所以条件可能正确。如果是这样，那么对于GT_MEU_12_1，如果被MEU_12_2回应，其条件是否正确？

MEU_12_2的条件是“减持股份”，而GT的条件是首次披露减持计划且不存在已披露的情况。这可能不准确，因为Gen的条件更宽泛，没有限制首次披露和已披露的情况。而MEU_12_1的条件是“首次披露减持计划时”，并且但书条款处理了例外，这可能正确覆盖了GT的条件。因此，GT_MEU_12_1可能被MEU_12_1回应？

需要重新分析：

GT_MEU_12_1的条件是“计划通过集中竞价交易或大宗交易减持股份且首次披露减持计划，且不存在已经按照本指引第四条披露减持计划，或者中国证监会另有规定的情况的”。而Gen_MEU_12_1的条件是“计划通过集中竞价交易或大宗交易减持且首次披露减持计划时”，并且但书条款是“已经按照本指引第四条披露减持计划，或者中国证监会另有规定的除外”。这可能条件是正确的，因为但书条款排除了已披露的情况，所以Gen的条件和GT的条件是等价的。因此，GT_MEU_12_1的条件被正确覆盖。同时，Gen_MEU_12_1的约束中的第一个情形对应GT_MEU_12_1的约束，但Gen_MEU_12_1的主体是“上市公司控股股东 | 实际控制人 | 一致行动人”，而GT_MEU_12_1的主体是“公开发行时的控股股东 | 实际控制人”。因此，主体不匹配，所以Gen_MEU_12_1无法回应GT_MEU_12_1。而Gen_MEU_12_2的主体是“公开发行时的控股股东 | 实际控制人”，条件为“减持股份”，约束是遵守第一款第一项，即收盘价不低于发行价。这可能覆盖了GT_MEU_12_1的约束，但条件是否正确？

如果Gen_MEU_12_2的条件是“减持股份”，而GT的条件是更具体的条件，那么Gen的条件是否遗漏了首次披露和但书情况？但Gen_MEU_12_2的约束是引用条款，可能其条件是否正确？或者，是否Gen_MEU_12_2的条件应该更严格？

这里可能需要更仔细的分析。例如，GT_MEU_12_1的条件是首次披露减持计划，并且不存在已披露的情况。而Gen_MEU_12_2的条件是“减持股份”，这可能更宽泛，没有限制首次披露和已披露的情况。因此，Gen的条件不准确，导致无法正确回应GT_MEU_12_1。因此，GT_MEU_12_1未被正确回应，可能被MEU_12_2回应，但状态为wrong。

同样，GT_MEU_12_4的条件与GT_MEU_12_1相同，但主体是上市后不再具备身份的。Gen_MEU_12_2的contextual_info提到上市后仍要遵守，所以可能回应了GT_MEU_12_4，但条件是否正确？如果Gen_MEU_12_2的条件是“减持股份”，而GT的条件是首次披露等，则条件不完整，导致错误。

对于GT_MEU_12_5，Gen_MEU_12_3的条件是“上市公司在公开发行时无控股股东且减持股份”，而GT的条件是首次披露等，同样可能条件不完整，但Gen的但书条款是否覆盖了？如果Gen_MEU_12_3的条件是减持股份，并且但书条款在MEU_12_1中，那么可能条件不完整，导致错误。

总结每个GT_MEU的回应情况：

GT_MEU_12_1：
- 可能的回应者：MEU_12_2（主体匹配，但条件不完整）
- 状态：wrong

GT_MEU_12_2：
- 可能的回应者：MEU_12_1（主体不同，但约束中的第二个情形）
- 状态：wrong（合并约束导致错误）

GT_MEU_12_3：
- 可能的回应者：MEU_12_1（约束中的第三个情形）
- 状态：wrong（合并约束）

GT_MEU_12_4：
- 可能的回应者：MEU_12_2（主体不同，但contextual_info覆盖）
- 状态：wrong（条件不完整）

GT_MEU_12_5：
- 可能的回应者：MEU_12_3（主体匹配，但条件不完整）
- 状态：wrong

此外，Gen_MEU_12_4没有主体和条件，无法回应任何GT_MEU。

因此，最终的评估结果应该是每个GT_MEU都被错误回应或未被回应。
","CompletionUsage(completion_tokens=3160, prompt_tokens=3730, total_tokens=6890, completion_tokens_details=CompletionTokensDetails(accepted_prediction_tokens=None, audio_tokens=None, reasoning_tokens=2761, rejected_prediction_tokens=None), prompt_tokens_details=PromptTokensDetails(audio_tokens=None, cached_tokens=0))"
3,"

<EVALUATE>
{
  ""GT_MEU_3_1"": {
    ""been_responsed_by"": [""MEU_3_1""],
    ""state"": ""correct"",
    ""comment"": ""主体范围扩大但包含原主体，条件与约束完全匹配""
  },
  ""GT_MEU_3_2"": {
    ""been_responsed_by"": [""MEU_3_2""],
    ""state"": ""correct"",
    ""comment"": ""主体、条件、约束完全一致""
  },
  ""GT_MEU_3_3"": {
    ""been_responsed_by"": [""MEU_3_3""],
    ""state"": ""correct"",
    ""comment"": ""主体、条件、约束完全一致""
  },
  ""GT_MEU_3_4"": {
    ""been_responsed_by"": [""MEU_3_4""],
    ""state"": ""wrong"",
    ""comment"": ""condition部分遗漏了'检查大股东减持本公司股份的情况'的前提条件""
  }
}
</EVALUATE>","好的，我现在需要处理用户提供的GT_MEU和Gen_MEU列表，并评估每个GT_MEU是否被正确回应。首先，我得仔细阅读每个MEU的内容，然后逐一对比。

首先看GT_MEU_3_1，它的主体是大股东或董监高，条件是减持股份，约束是应当规范、理性、有序，关注利益。对应的Gen_MEU_3_1的主体是更广泛的，包括了控股股东、实际控制人、5%以上股东和董监高。这里主体范围更广，但根据评估规则，如果Gen的主体覆盖了GT的主体，并且条件和约束完全一致，那么应该算正确回应。所以GT_3_1被MEU_3_1回应，状态是correct。

接下来是GT_MEU_3_2，主体是上市公司，没有条件，约束是及时了解和提示。Gen_MEU_3_2完全匹配，所以正确。

GT_MEU_3_3的主体是董事会秘书，约束是每季度检查。Gen_MEU_3_3也完全一致，正确。

然后是GT_MEU_3_4，条件是检查发现违法违规，约束是报告。Gen_MEU_3_4的条件是“发现违法违规减持情况”，而GT的条件是“检查大股东减持的情况，发现违法违规”。这里Gen的条件可能更简化，但语义是否一致？原GT的条件是检查后发现的，而Gen的条件是直接发现情况。可能Gen省略了检查的步骤，但约束相同。不过根据规则，如果条件中的必要前提被省略，会导致错误。例如，原条件中的检查步骤是触发条件的一部分，而Gen可能没有明确这一点，导致条件不完全。因此，Gen的条件可能不准确，导致状态为wrong。所以GT_3_4被MEU_3_4回应，但状态是wrong，因为条件部分遗漏了检查的前提。
","CompletionUsage(completion_tokens=628, prompt_tokens=3131, total_tokens=3759, completion_tokens_details=CompletionTokensDetails(accepted_prediction_tokens=None, audio_tokens=None, reasoning_tokens=401, rejected_prediction_tokens=None), prompt_tokens_details=PromptTokensDetails(audio_tokens=None, cached_tokens=0))"
14,"

<EVALUATE>
{
  ""GT_MEU_14_1"": {
    ""been_responsed_by"": [""Gen_MEU_14_1""],
    ""state"": ""correct"",
    ""comment"": ""主体、条件和约束完全匹配""
  },
  ""GT_MEU_14_2"": {
    ""been_responsed_by"": [""Gen_MEU_14_2""],
    ""state"": ""wrong"",
    ""comment"": ""Gen_MEU的condition遗漏了'上市公司因涉嫌证券期货违法犯罪被中国证监会及其派出机构立案调查或者被司法机关立案侦查'的前提条件""
  },
  ""GT_MEU_14_3"": {
    ""been_responsed_by"": [""Gen_MEU_14_3""],
    ""state"": ""correct"",
    ""comment"": ""语义和逻辑约束完全匹配""
  },
  ""GT_MEU_14_4"": {
    ""been_responsed_by"": [""Gen_MEU_14_4""],
    ""state"": ""wrong"",
    ""comment"": ""Gen_MEU的condition遗漏了'被中国证监会及其派出机构立案调查或者被司法机关立案侦查'的触发条件""
  },
  ""GT_MEU_14_5"": {
    ""been_responsed_by"": [""Gen_MEU_14_5""],
    ""state"": ""correct"",
    ""comment"": ""条件与约束的语义完全一致""
  },
  ""GT_MEU_14_6"": {
    ""been_responsed_by"": [""Gen_MEU_14_6""],
    ""state"": ""correct"",
    ""comment"": ""主体、条件和约束完全匹配""
  },
  ""GT_MEU_14_7"": {
    ""been_responsed_by"": [""Gen_MEU_14_7""],
    ""state"": ""correct"",
    ""comment"": ""语义和逻辑约束完全一致""
  },
  ""GT_MEU_14_8"": {
    ""been_responsed_by"": [],
    ""state"": ""wrong"",
    ""comment"": ""Gen_MEU_14_8未形成有效的MEU结构，无法覆盖GT_MEU的约束条件""
  }
}
</EVALUATE>","好的，我现在需要处理用户提供的GT_MEU和Gen_MEU列表，并评估每个GT_MEU是否被正确回应。首先，我得仔细阅读每个GT和对应的Gen条目，比较它们的各个部分是否符合要求。

首先看GT_MEU_14_1，它的条件是“上市公司因涉嫌证券期货违法犯罪，在被中国证监会及其派出机构立案调查或者被司法机关立案侦查期间”，约束是不得减持。对应的Gen_MEU_14_1的条件是“上市公司因涉嫌证券期货违法犯罪，被中国证监会及其派出机构立案调查或者被司法机关立案侦查期间”，看起来几乎一样，只是少了“在”字，但语义应该一致。所以这个应该被正确回应，状态是correct。

接下来是GT_MEU_14_2，条件是“在行政处罚决定、刑事判决作出之后未满6个月”，而Gen_MEU_14_2的条件是“在行政处罚决定、刑事判决作出之后未满6个月”，但原GT的条件前面还有“上市公司因涉嫌证券期货违法犯罪被立案调查或侦查”的部分。Gen的condition缺少了这部分，导致条件范围扩大，比如可能包括其他原因被处罚的情况。所以Gen_MEU_14_2的condition不准确，导致state是wrong。

GT_MEU_14_3的条件是“本人因涉嫌与该上市公司有关的证券期货违法犯罪，在被立案调查或侦查期间”，对应的Gen_MEU_14_3的条件完全相同，所以正确回应，状态correct。

GT_MEU_14_4的条件是“本人因涉嫌与该上市公司有关的违法犯罪被立案调查或侦查，在处罚后未满6个月”。Gen_MEU_14_4的条件缺少了前面的“被立案调查或侦查”的描述，直接跳到处罚后的时间，这可能遗漏了前提条件，导致条件不完整，所以state是wrong。

GT_MEU_14_5的条件是“被行政处罚且罚没款未缴纳，且没有例外情况”。Gen_MEU_14_5的条件几乎相同，只是将“被中国证监会行政处罚”中的“，”改成了“被”，不影响语义，所以正确，状态correct。

GT_MEU_14_6的条件是“被交易所公开谴责未满三个月”，对应的Gen_MEU_14_6完全相同，正确。

GT_MEU_14_7的条件是“上市公司股票因可能触及重大违法被实施退市风险警示，且在限制转让期内”。Gen_MEU_14_7的条件中的“在本所规定的限制转让的期限内”与原GT的“处于本所规定的限制转让的期限内”语义一致，所以正确。

GT_MEU_14_8的条件是“存在其他规定情形”，约束是不得减持。而Gen_MEU_14_8的subject、condition、constraint都是nan，contextual_info里提到了其他情形，但未形成有效的MEU结构，无法正确回应，所以未被回应，状态wrong。

总结下来，每个GT对应的Gen是否正确回应需要逐一核对各部分是否完整且语义一致，特别是条件和约束部分是否有遗漏或错误。
","CompletionUsage(completion_tokens=1119, prompt_tokens=3839, total_tokens=4958, completion_tokens_details=CompletionTokensDetails(accepted_prediction_tokens=None, audio_tokens=None, reasoning_tokens=643, rejected_prediction_tokens=None), prompt_tokens_details=PromptTokensDetails(audio_tokens=None, cached_tokens=0))"
26,"

<EVALUATE>
{
  ""GT_MEU_26_1"": {
    ""been_responsed_by"": [""MEU_26_1""],
    ""state"": ""correct"",
    ""comment"": ""主体、条件和约束内容完全匹配""
  },
  ""GT_MEU_26_2"": {
    ""been_responsed_by"": [""MEU_26_2""],
    ""state"": ""wrong"",
    ""comment"": ""Gen_MEU_26_2在condition中增加'持有...股份'的限制条件，导致约束范围比GT_MEU_26_2更严格，无法覆盖原MEU无条件的合并计算要求""
  }
}
</EVALUATE>","好的，我现在需要处理这个法律MEU评估任务。首先，我得仔细理解用户提供的GT_MEU和Gen_MEU，然后按照给定的规则来判断每个GT_MEU是否被正确回应。

首先看GT_MEU部分，有两个条目：GT_MEU_26_1和GT_MEU_26_2。GT_MEU_26_1的主体是股东，条件是开立多个证券账户，约束是合并计算各账户的股份。而GT_MEU_26_2的主体同样是股东，条件为空，约束是合并计算普通、信用以及他人账户的股份。这说明GT_MEU_26_1处理的是股东开立多个账户的情况，而GT_MEU_26_2可能是一个更普遍的要求，无论是否开立多个账户，都需要合并计算所有类型的账户。

接下来看Gen_MEU部分，也有两个条目：MEU_26_1和MEU_26_2。MEU_26_1的条件是开立多个证券账户，约束是合并计算各账户的股份，这和GT_MEU_26_1看起来完全一致，所以MEU_26_1应该对应GT_MEU_26_1。MEU_26_2的条件是持有普通、信用或他人账户的股份，约束是合并计算这些账户的股份。这里需要注意的是，Gen_MEU_26_2的条件是否覆盖了GT_MEU_26_2的情况。

根据评估规则，GT_MEU_26_2的条件是空的，意味着无论什么情况下，股东都需要合并计算这些账户的股份。而Gen_MEU_26_2的条件是持有这些账户的股份，这可能缩小了适用范围，因为只有在持有这些账户的情况下才需要合并计算。但原GT_MEU_26_2的条件是空，即无论是否持有，都需要合并。因此，Gen_MEU_26_2的条件可能引入了额外的限制，导致约束范围比GT更小，所以可能不正确。

另外，检查约束部分，GT_MEU_26_2的约束是合并计算普通、信用和他人账户的股份，而Gen_MEU_26_2的约束是合并上述账户的股份，这里的“上述账户”指的是条件中的账户类型，所以约束内容是一致的。但问题在于条件是否改变了原意。因为原GT的条件是空，意味着无论是否存在这些账户，都需要合并，而Gen的条件是当持有这些账户时才合并，这可能遗漏了其他情况，比如股东没有这些账户但存在其他类型的账户是否需要合并？不过根据实际情况，可能这些账户类型已经覆盖了所有可能的情况，但根据法律条文，必须严格按照条件来判断。因此，Gen_MEU_26_2的条件可能错误地添加了限制，导致无法正确回应GT_MEU_26_2。

因此，GT_MEU_26_1被MEU_26_1正确回应，状态是correct。而GT_MEU_26_2被MEU_26_2回应，但由于条件添加了限制，导致约束范围缩小，属于错误回应，状态是wrong。所以最终的评估结果应该是GT_MEU_26_1正确，GT_MEU_26_2错误，分别由对应的Gen_MEU回应。
","CompletionUsage(completion_tokens=842, prompt_tokens=2891, total_tokens=3733, completion_tokens_details=CompletionTokensDetails(accepted_prediction_tokens=None, audio_tokens=None, reasoning_tokens=691, rejected_prediction_tokens=None), prompt_tokens_details=PromptTokensDetails(audio_tokens=None, cached_tokens=0))"
15,"

<EVALUATE>
{
  ""GT_MEU_15_1"": {
    ""been_responsed_by"": [""Gen_MEU_15_1""],
    ""state"": ""correct"",
    ""comment"": ""Gen_MEU的condition整合了时间范围，与GT的constraint时间描述逻辑等价，约束内容完整保留，语义一致""
  }
}
</EVALUATE>","好的，我现在需要评估这个Gen_MEU是否正确地回应了GT_MEU_15_1。首先，我要仔细对比两者的各个部分。

首先看GT_MEU_15_1的subject是“公司控股股东 | 实际控制人 | 董监高”，而Gen_MEU_15_1的subject完全一致，这部分没问题。

接下来是condition部分。GT中的condition是“上市公司可能触及本所《上市规则》第十章规定的重大违法强制退市情形的”，而Gen的condition则详细描述了时间范围，从行政处罚或司法裁判作出之日开始，直到两种情况之一发生前。这里，Gen的condition实际上将GT中的condition扩展了，包含了时间条件，但原GT的condition并没有明确时间范围，而是作为constraint的一部分。不过，仔细看GT的constraint，它确实提到了时间范围，所以可能Gen将这部分从constraint移动到了condition中。根据评估规则，如果condition和constraint的顺序调整不影响语义的话是可以接受的。因此，这里可能没问题。

然后是constraint部分。GT的constraint是“不得减持公司股份”，而Gen的constraint同样如此，所以这部分一致。不过GT的constraint中详细的时间范围被移到了condition里，但根据规则，只要整体语义相同，顺序调整不影响正确性。因此，Gen的condition和constraint结合起来是否覆盖了GT的内容？

GT的constraint中的时间范围是“自相关行政处罚事先告知书或者司法裁判作出之日起至公司股票终止上市并摘牌或公司收到相关行政处罚决定或者人民法院司法裁判生效，显示公司未触及重大违法强制退市情形前”，而Gen的condition里包含了同样的时间范围，只是分成了两种情况。因此，Gen的condition和constraint结合起来是否与GT的constraint等价？

根据评估规则，如果Gen的MEU在逻辑上覆盖了GT的MEU的所有情况，并且没有遗漏或增加额外条件，那么应该视为正确。在这里，Gen将时间条件作为condition的一部分，而constraint简化为“不得减持”，但整体上，当满足condition中的时间范围时，必须遵守不得减持的约束。因此，两者的语义是相同的，只是结构上的调整。

另外，检查是否有遗漏的部分。GT的constraint中的时间范围被完整地包含在Gen的condition中，因此没有遗漏。Gen的constraint正确禁止了减持，所以整体逻辑一致。

关于contextual_info，两者都是nan，没有问题。因此，Gen_MEU_15_1是否完全覆盖了GT_MEU_15_1的所有部分？

是的，所有要素都被正确包含，只是结构上有所调整，但语义和逻辑等价。因此，这个Gen_MEU正确回应了GT_MEU，状态应为correct。
","CompletionUsage(completion_tokens=660, prompt_tokens=2885, total_tokens=3545, completion_tokens_details=CompletionTokensDetails(accepted_prediction_tokens=None, audio_tokens=None, reasoning_tokens=574, rejected_prediction_tokens=None), prompt_tokens_details=PromptTokensDetails(audio_tokens=None, cached_tokens=0))"
9,"

<EVALUATE>
{
  ""GT_MEU_9_1"": {
    ""been_responsed_by"": [""Gen_MEU_9_1""],
    ""state"": ""correct"",
    ""comment"": ""条件与约束的语义重组未改变法律实质，拆分方式符合逻辑等价性要求""
  },
  ""GT_MEU_9_2"": {
    ""been_responsed_by"": [""Gen_MEU_9_2""],
    ""state"": ""wrong"",
    ""comment"": ""condition遗漏'公司上市时未盈利的'关键前提，且将允许减持的约束内容错误置于contextual_info""
  },
  ""GT_MEU_9_3"": {
    ""been_responsed_by"": [""Gen_MEU_9_3""],
    ""state"": ""correct"",
    ""comment"": ""主体、条件与约束均完整匹配，时间要素通过前款关联实现逻辑等价""
  }
}
</EVALUATE>","好的，我现在需要处理用户提供的法律MEU评估任务。首先，我需要仔细理解GT_MEU和Gen_MEU的内容，然后根据给定的规则逐一比较，判断每个GT_MEU是否被正确回应。

首先看GT_MEU的三个条目：

1. GT_MEU_9_1：主体是控股股东、实际控制人、董监高，条件是公司上市时未盈利且处于实现盈利前阶段，约束是自上市起2个会计年度内不得减持。
2. GT_MEU_9_2：同样的主体，条件是公司上市时未盈利且在盈利后，约束是可以自年报披露后减持，但需遵守相关规定。
3. GT_MEU_9_3：主体是董监高，条件是在前款规定的两年内离职，约束是继续遵守减持限制。

接下来分析Gen_MEU的三个条目：

Gen_MEU_9_1的条件是“公司上市时未盈利且在实现盈利前，自上市起2个会计年度内”，约束是不得减持。这里将原GT的条件中的时间部分移动到了条件里，而原GT的条件是“处于实现盈利前阶段”，可能时间部分原本属于约束中的时间限制。但根据规则，如果条件中的顺序调整但语义不变，是可以接受的。所以Gen_MEU_9_1可能正确回应了GT_MEU_9_1，但需要确认是否条件覆盖了原条件的所有内容。原GT的条件是“未盈利且处于实现盈利前阶段”，而Gen的条件是“未盈利且在实现盈利前，自上市起2个会计年度内”。这里可能将时间条件合并到条件中，但原GT的约束中的时间部分被移到了条件里。根据规则，如果条件中的顺序不影响语义，可以接受。因此，Gen_MEU_9_1可能正确回应了GT_MEU_9_1。

Gen_MEU_9_2的条件是“公司实现盈利后，自年报披露后次日起”，约束是应遵守相关规定，而contextual_info提到可以减持。原GT_MEU_9_2的条件是“公司上市时未盈利的，在公司实现盈利后”，而Gen的条件缺少了“公司上市时未盈利的”这一前提，导致条件范围扩大，可能错误。此外，原约束中的“可以减持”被放在contextual_info中，而约束部分只提到遵守规定，这可能遗漏了允许减持的部分，导致约束内容不完整。因此，Gen_MEU_9_2可能错误回应了GT_MEU_9_2。

Gen_MEU_9_3的条件是“在自上市起2个会计年度内离职”，约束是继续遵守不得减持的规定。原GT_MEU_9_3的条件是“在前款规定的两年期间内离职”，而前款即GT_MEU_9_1中的两年，所以条件是一致的。约束部分也正确，因此Gen_MEU_9_3正确回应了GT_MEU_9_3。

接下来检查每个GT是否被回应：

GT_MEU_9_1：被Gen_MEU_9_1回应。条件和约束是否一致？原条件中的时间部分被移到条件中，但整体语义是否一致？原约束中的时间部分现在在条件里，而约束部分只剩下“不得减持”。根据规则，如果条件中的顺序调整但语义不变，可以接受。因此，状态应为correct。

GT_MEU_9_2：被Gen_MEU_9_2回应。条件缺少了“公司上市时未盈利的”这一前提，导致条件范围扩大，属于错误。此外，原约束中的“可以减持”被放在contextual_info，而约束部分没有明确允许减持，可能使约束变得不完整。因此，状态应为wrong。

GT_MEU_9_3：被Gen_MEU_9_3回应。条件和约束均正确，状态应为correct。

但需要再次检查是否所有GT都被覆盖。例如，GT_MEU_9_3是否被正确回应。Gen_MEU_9_3的条件是否正确？原GT的条件是“在前款规定的两年期间内离职”，而Gen的条件是“在自上市起两年内离职”，前款即GT_MEU_9_1中的两年，所以条件一致。约束部分也正确，因此状态是correct。

但用户提供的案例中的Answer部分，之前的案例中GT_MEU_9_3未被回应，所以状态是wrong。但在此次任务中，Gen_MEU_9_3回应了GT_MEU_9_3，所以状态应为correct。

综上，最终的评估结果应该是：

GT_MEU_9_1由Gen_MEU_9_1回应，正确；

GT_MEU_9_2由Gen_MEU_9_2回应，但条件缺失导致错误；

GT_MEU_9_3由Gen_MEU_9_3回应，正确。
","CompletionUsage(completion_tokens=1266, prompt_tokens=3120, total_tokens=4386, completion_tokens_details=CompletionTokensDetails(accepted_prediction_tokens=None, audio_tokens=None, reasoning_tokens=1057, rejected_prediction_tokens=None), prompt_tokens_details=PromptTokensDetails(audio_tokens=None, cached_tokens=0))"
27,"

<EVALUATE>
{
  ""GT_MEU_27_1"": {
    ""been_responsed_by"": [""Gen_MEU_27_1""],
    ""state"": ""correct"",
    ""comment"": ""主体、条件与上下文信息完全匹配，正确回应""
  },
  ""GT_MEU_27_2"": {
    ""been_responsed_by"": [""Gen_MEU_27_2""],
    ""state"": ""correct"",
    ""comment"": ""条件与上下文信息完整覆盖GT_MEU语义""
  },
  ""GT_MEU_27_3"": {
    ""been_responsed_by"": [""Gen_MEU_27_3""],
    ""state"": ""wrong"",
    ""comment"": ""Gen_MEU的condition遗漏'上市公司'主体，导致覆盖范围扩大，属于错误回应""
  }
}
</EVALUATE>","好的，我现在需要处理这个法律MEU的评估任务。首先，我得仔细理解用户提供的GT_MEU和Gen_MEU，然后根据给定的规则来判断每个GT_MEU是否被正确回应。

首先看GT_MEU的三个条目。每个的subject都是“本所”，condition各不相同，而constraint都是nan，contextual_info里描述了本所可以采取的措施。每个GT_MEU的comment都提到，如果没有主体，放在contextual_info也算对。这可能意味着在Gen_MEU中，即使subject没有明确列出，只要在contextual_info里提到也算正确，但这里Gen_MEU的subject都是“本所”，所以可能没问题。

接下来看Gen_MEU的三个条目。MEU_27_1的condition和GT_MEU_27_1完全一致，contextual_info里也正确提到了本所可以采取的措施，所以应该正确回应了GT_MEU_27_1。同样，MEU_27_2的condition和GT_MEU_27_2的condition相同，contextual_info也正确，所以应该正确回应。MEU_27_3的condition是“减持行为涉嫌违反法律法规”，而GT_MEU_27_3的condition是“上市公司减持行为涉嫌违反法律法规”。这里Gen的condition少了“上市公司”这个主体，但根据评估规则，是否属于遗漏必要前提呢？如果原GT的condition明确提到上市公司，而Gen省略了，可能会导致覆盖范围扩大，比如包括非上市公司的减持行为，这可能属于错误回应。但需要看具体的法律条文是否允许这样的扩展。根据规则，如果Gen的condition省略了必要前提，导致覆盖范围不同，就判为错误。因此，MEU_27_3的condition缺少“上市公司”，属于错误回应，所以对应的GT_MEU_27_3会被标记为wrong。

另外，检查每个Gen_MEU是否对应到正确的GT_MEU。MEU_27_1对应GT_MEU_27_1，MEU_27_2对应GT_MEU_27_2，MEU_27_3对应GT_MEU_27_3，但第三个的condition有误。所以GT_MEU_27_3的state应该是wrong，因为Gen的condition不准确。其他两个的state是correct，因为所有部分都正确匹配，并且contextual_info中的主体也正确，符合comment中的要求。
","CompletionUsage(completion_tokens=703, prompt_tokens=3088, total_tokens=3791, completion_tokens_details=CompletionTokensDetails(accepted_prediction_tokens=None, audio_tokens=None, reasoning_tokens=513, rejected_prediction_tokens=None), prompt_tokens_details=PromptTokensDetails(audio_tokens=None, cached_tokens=0))"
16,"

<EVALUATE>
{
  ""GT_MEU_16_1"": {
    ""been_responsed_by"": [""Gen_MEU_16_1""],
    ""state"": ""correct"",
    ""comment"": ""主体、条件和约束完全匹配""
  },
  ""GT_MEU_16_2"": {
    ""been_responsed_by"": [""Gen_MEU_16_2""],
    ""state"": ""correct"",
    ""comment"": ""语义和逻辑约束完全一致""
  },
  ""GT_MEU_16_3"": {
    ""been_responsed_by"": [""Gen_MEU_16_3""],
    ""state"": ""correct"",
    ""comment"": ""条件中的标点符号调整不影响法律实质""
  },
  ""GT_MEU_16_4"": {
    ""been_responsed_by"": [""Gen_MEU_16_4""],
    ""state"": ""correct"",
    ""comment"": ""主体和约束条件完全对应""
  },
  ""GT_MEU_16_5"": {
    ""been_responsed_by"": [""Gen_MEU_16_5""],
    ""state"": ""correct"",
    ""comment"": ""条件表述形式调整后仍保持法律实质相同""
  }
}
</EVALUATE>","好的，我现在需要处理用户提供的GT_MEU和Gen_MEU列表，并评估每个GT_MEU是否被正确回应。首先，我需要仔细理解每个MEU的结构和内容，然后逐一对比。

首先看GT_MEU_16_1到GT_MEU_16_5。每个GT的subject都是“上市公司董监高”，约束都是“不得买卖本公司股份”，而条件各不相同。Gen_MEU的列表看起来几乎一一对应，但需要仔细检查每个字段是否完全匹配。

GT_MEU_16_1的条件是“上市公司年度报告、半年度报告公告前15日内”，对应的Gen_MEU_16_1的条件完全相同，所以这个应该正确回应。

GT_MEU_16_2的条件是“上市公司季度报告、业绩预告、业绩快报公告前5日内”，Gen_MEU_16_2的条件也完全一致，所以正确。

GT_MEU_16_3的条件是“自可能对本公司证券交易价格、投资者决策产生较大影响的重大事件发生之日或者进入决策程序之日至依法披露之日内”。对应的Gen_MEU_16_3的条件中，标点符号稍有不同，用了逗号分隔，但语义是否一致？原GT中的“或者进入决策程序之日至”中的“至”是否被正确保留？Gen中的条件写的是“自可能...发生之日或者进入决策程序之日，至依法披露之日内”，这里的逗号可能不影响整体时间段的连续性，所以语义相同，应视为正确回应。

GT_MEU_16_4的条件是“中国证监会、本所认定的其他期间”，对应的Gen_MEU_16_4完全相同，正确。

GT_MEU_16_5的条件是“因特殊原因推迟年度报告、半年度报告公告日期时，自原预约公告日前15日起算至公告日”。Gen_MEU_16_5的条件是“因特殊原因推迟年度报告、半年度报告公告日期，处于自原预约公告日前15日起算至公告日的期间”。这里Gen的表述更详细，但时间段和条件完全相同，所以正确。

接下来检查每个Gen_MEU是否覆盖了对应的GT，并且没有遗漏或错误。所有五个GT都有对应的Gen_MEU，且每个字段都正确。没有发现条件或约束的遗漏，也没有将约束错误放入contextual_info的情况。因此，所有GT_MEU都被正确回应，状态为correct，且每个都被对应的Gen_MEU回应。
","CompletionUsage(completion_tokens=800, prompt_tokens=3313, total_tokens=4113, completion_tokens_details=CompletionTokensDetails(accepted_prediction_tokens=None, audio_tokens=None, reasoning_tokens=525, rejected_prediction_tokens=None), prompt_tokens_details=PromptTokensDetails(audio_tokens=None, cached_tokens=0))"
21,"

<EVALUATE>
{
  ""GT_MEU_21_1"": {
    ""been_responsed_by"": [""Gen_MEU_21_1""],
    ""state"": ""correct"",
    ""comment"": ""主体、条件和约束完全匹配，contextual_info补充内容不破坏核心要素的完整性""
  },
  ""GT_MEU_21_2"": {
    ""been_responsed_by"": [],
    ""state"": ""wrong"",
    ""comment"": ""未生成独立MEU处理该条件，Gen_MEU_21_1的contextual_info无法替代约束条件""
  },
  ""GT_MEU_21_3"": {
    ""been_responsed_by"": [""Gen_MEU_21_2"", ""Gen_MEU_21_3""],
    ""state"": ""wrong"",
    ""comment"": ""Gen_MEU拆分导致条件缺失'收到执行通知'，约束内容被分散到两个MEU且未完整覆盖披露要求""
  },
  ""GT_MEU_21_4"": {
    ""been_responsed_by"": [],
    ""state"": ""wrong"",
    ""comment"": ""未生成对应MEU，Gen_MEU_21_2的contextual_info未将约束条件写入正式约束字段""
  }
}
</EVALUATE>","好的，我现在需要处理用户提供的法律MEU评估任务。首先，我需要仔细理解GT_MEU和Gen_MEU的内容，然后根据给定的规则逐一比较它们是否一致。

首先看GT_MEU列表，共有四个条目：GT_MEU_21_1到GT_MEU_21_4。对应的Gen_MEU有三个：MEU_21_1到MEU_21_3。我的任务是将每个GT_MEU与Gen_MEU进行匹配，并判断其状态是否正确或错误。

开始分析每个GT_MEU：

1. **GT_MEU_21_1**：
   - 主体是nan，即没有特定主体。
   - 条件是“因司法强制执行、股票质押或者融资融券违约处置等情形减持股份”。
   - 约束是“应当根据不同的减持方式分别适用本指引的相关规定”。
   - Gen_MEU_21_1的条件和约束与GT_MEU_21_1完全一致，但contextual_info中提到了“通过司法扣划、划转等非交易过户方式执行的，参照适用本指引关于协议转让方式减持股份的规定”，这实际上是GT_MEU_21_2的内容。因此，Gen_MEU_21_1可能同时回应了GT_MEU_21_1和GT_MEU_21_2。但根据规则，如果Gen_MEU的并集覆盖了GT的内容，则视为正确。这里Gen_MEU_21_1的约束正确，但contextual_info中的内容属于另一个MEU，但可能不影响当前MEU的正确性。所以GT_MEU_21_1被MEU_21_1正确回应，状态correct。

2. **GT_MEU_21_2**：
   - 条件为“通过司法扣划、划转等非交易过户方式执行减持”。
   - 约束是“参照适用本指引关于协议转让方式减持股份的规定”。
   - 在Gen_MEU中，MEU_21_1的contextual_info包含了这部分内容，但Gen_MEU并没有单独的MEU来处理这个条件。因此，GT_MEU_21_2的条件没有被任何Gen_MEU的条件覆盖，所以未被正确回应。状态wrong，未被回应。

3. **GT_MEU_21_3**：
   - 主体是“上市公司大股东 | 董监高”。
   - 条件是“所持股份被人民法院通过本所强制执行且收到相关执行通知”。
   - 约束是“应当在2个交易日内披露拟处置股份数量、来源、方式、时间等信息”。
   - 对应的Gen_MEU_21_2的条件是“所持股份被人民法院通过本所强制执行”，约束是“应当在收到相关执行通知后2个交易日内披露”，而contextual_info提到了不适用第四条。这里Gen_MEU_21_2的条件缺少了“且收到相关执行通知”，因此条件不完整。此外，约束中的披露内容是否完整？GT要求披露具体信息，而Gen_MEU_21_2的约束是“披露”，但MEU_21_3的约束是“披露内容应当包括但不限于...”，可能覆盖了GT的要求。但MEU_21_3的条件是同样的，所以可能Gen_MEU_21_2和MEU_21_3共同回应了GT_MEU_21_3。需要看是否覆盖所有条件。GT的条件需要同时满足“强制执行”和“收到通知”，而Gen_MEU_21_2的条件只有“强制执行”，但约束中提到“收到相关执行通知后”，这可能隐含了条件中的“收到通知”。因此，可能Gen_MEU_21_2的条件和约束合并起来覆盖了GT的条件。但根据规则，条件必须明确。如果Gen的条件缺少了“收到通知”，则条件不完整，导致状态错误。因此，GT_MEU_21_3未被正确回应，或者被部分回应。此外，MEU_21_3的条件是同样的，但约束是披露内容，可能覆盖了GT的约束。但需要看是否所有条件都被满足。可能Gen_MEU_21_2和MEU_21_3共同回应了GT_MEU_21_3。例如，MEU_21_2处理了时间约束，而MEU_21_3处理了内容约束。但GT的条件是同时满足两个条件，而Gen的条件可能拆分成了两个不同的条件。这时候需要判断拆分是否正确。根据规则，条件中的“且”不可拆分，否则会导致条件放宽。因此，拆分后的Gen_MEU的条件不完整，导致状态错误。因此，GT_MEU_21_3未被正确回应，状态wrong，可能被MEU_21_2和MEU_21_3回应，但条件拆分错误。

4. **GT_MEU_21_4**：
   - 主体是“上市公司大股东 | 董监高”。
   - 条件是“所持股份被人民法院通过本所强制执行”。
   - 约束是“不适用本指引第四条的规定”。
   - Gen_MEU_21_2的contextual_info中提到了“不适用本指引第四条的规定”，但约束部分没有。因此，约束是否被正确表达？Gen_MEU_21_2的约束是披露时间，而contextual_info中的内容属于补充说明，但根据规则，如果约束内容被放在contextual_info中，则属于错误。因此，GT_MEU_21_4的约束未被正确回应，状态wrong，未被回应。

现在需要整理每个GT对应的Gen_MEU：

- GT_MEU_21_1：被MEU_21_1回应，状态correct。
- GT_MEU_21_2：未被回应，状态wrong。
- GT_MEU_21_3：可能被MEU_21_2和MEU_21_3回应，但条件拆分错误，导致状态wrong。
- GT_MEU_21_4：未被回应，状态wrong。

具体来说：

对于GT_MEU_21_3，Gen_MEU_21_2的条件是“所持股份被人民法院通过本所强制执行”，而约束是“应当在收到相关执行通知后2个交易日内披露”，这可能对应了GT的条件中的“收到相关执行通知”，但条件部分没有明确，所以条件不完整。而MEU_21_3的条件是同样的，约束是披露内容。因此，两个Gen_MEU的条件都缺少了“且收到相关执行通知”，导致条件不完整，无法覆盖GT的条件。因此，GT_MEU_21_3未被正确回应，状态wrong，被MEU_21_2和MEU_21_3回应，但条件不完整。

对于GT_MEU_21_4，其条件是“所持股份被人民法院通过本所强制执行”，约束是“不适用本指引第四条的规定”。在Gen_MEU_21_2的contextual_info中提到了这一点，但约束部分没有，因此约束未被正确表达，属于错误。因此，未被正确回应，状态wrong。
","CompletionUsage(completion_tokens=1796, prompt_tokens=3175, total_tokens=4971, completion_tokens_details=CompletionTokensDetails(accepted_prediction_tokens=None, audio_tokens=None, reasoning_tokens=1514, rejected_prediction_tokens=None), prompt_tokens_details=PromptTokensDetails(audio_tokens=None, cached_tokens=0))"
28,"

<EVALUATE>
{
  ""GT_MEU_28_1"": {
    ""been_responsed_by"": [""Gen_MEU_28_1""],
    ""state"": ""correct"",
    ""comment"": ""虽然Gen_MEU未明确标注subject，但根据GT的comment指示，将主体信息完整包含在contextual_info中视为正确回应，语义完全一致""
  }
}
</EVALUATE>","好的，我现在需要处理这个评估任务。首先，我得仔细理解用户提供的GT_MEU和Gen_MEU，然后根据规则来判断Gen_MEU是否正确回应了GT_MEU。

首先看GT_MEU_28_1的信息。它的subject是“本所”，而condition和constraint都是nan，contextual_info是“本所负责解释本指引”。另外，comment里提到如果没有主体，直接把主体放在contextual_info也算对。这说明即使生成的MEU中没有明确列出subject，只要在contextual_info中包含主体，也算正确。

接下来看Gen_MEU的情况。Gen_MEU的MEU_id是MEU_28_1，subject、condition、constraint都是nan，contextual_info是“本指引由本所负责解释”。这里，Gen_MEU的contextual_info确实包含了主体“本所”，尽管subject字段为空，但根据GT的comment，这应该被接受。此外，GT的condition和constraint都是nan，而Gen_MEU同样没有这两个字段，所以这部分没有问题。

需要检查的是语义是否一致。GT的contextual_info是“本所负责解释本指引”，而Gen的则是“本指引由本所负责解释”，两者的意思完全相同，只是语序不同，没有改变原意。因此，在语义上是完全匹配的。

根据评估规则，如果Gen_MEU的并集与GT_MEU在逻辑和语义上等价，就应标记为correct。这里Gen_MEU_28_1正确地将主体信息放在contextual_info中，并且内容一致，所以应该被正确回应。此外，没有其他Gen_MEU回应这个GT，所以been_responsed_by列表里只有MEU_28_1。

因此，这个GT_MEU_28_1的状态应该是correct，评论指出虽然subject为空，但根据comment的指示，主体在contextual_info中存在，因此正确。
","CompletionUsage(completion_tokens=497, prompt_tokens=2748, total_tokens=3245, completion_tokens_details=CompletionTokensDetails(accepted_prediction_tokens=None, audio_tokens=None, reasoning_tokens=405, rejected_prediction_tokens=None), prompt_tokens_details=PromptTokensDetails(audio_tokens=None, cached_tokens=0))"
4,"

<EVALUATE>
{
  ""GT_MEU_4_1"": {
    ""been_responsed_by"": [""Gen_MEU_4_1""],
    ""state"": ""correct"",
    ""comment"": ""主体、条件和约束内容完全匹配""
  },
  ""GT_MEU_4_2"": {
    ""been_responsed_by"": [""Gen_MEU_4_1""],
    ""state"": ""wrong"",
    ""comment"": ""约束内容被错误放置在contextual_info中，未正确拆分到constraint字段""
  },
  ""GT_MEU_4_3"": {
    ""been_responsed_by"": [""Gen_MEU_4_1""],
    ""state"": ""wrong"",
    ""comment"": ""约束内容被错误放置在contextual_info中，未正确拆分到constraint字段""
  },
  ""GT_MEU_4_4"": {
    ""been_responsed_by"": [""Gen_MEU_4_1""],
    ""state"": ""wrong"",
    ""comment"": ""约束内容被错误放置在contextual_info中，未正确拆分到constraint字段""
  },
  ""GT_MEU_4_5"": {
    ""been_responsed_by"": [""Gen_MEU_4_1""],
    ""state"": ""wrong"",
    ""comment"": ""约束内容被错误放置在contextual_info中，未正确拆分到constraint字段""
  },
  ""GT_MEU_4_6"": {
    ""been_responsed_by"": [""Gen_MEU_4_1""],
    ""state"": ""wrong"",
    ""comment"": ""约束内容被错误放置在contextual_info中，未正确拆分到constraint字段""
  },
  ""GT_MEU_4_7"": {
    ""been_responsed_by"": [""Gen_MEU_4_2""],
    ""state"": ""correct"",
    ""comment"": ""条件与约束的语义逻辑完全等价""
  },
  ""GT_MEU_4_8"": {
    ""been_responsed_by"": [""Gen_MEU_4_3""],
    ""state"": ""correct"",
    ""comment"": ""条件与约束的触发逻辑完全一致""
  },
  ""GT_MEU_4_9"": {
    ""been_responsed_by"": [""Gen_MEU_4_4""],
    ""state"": ""wrong"",
    ""comment"": ""约束中遗漏'除应披露前款内容外'的关键限定条件""
  },
  ""GT_MEU_4_10"": {
    ""been_responsed_by"": [""Gen_MEU_4_5""],
    ""state"": ""correct"",
    ""comment"": ""主体、条件和约束内容完全匹配""
  }
}
</EVALUATE>","好的，我现在需要处理用户提供的法律MEU评估任务。首先，我需要仔细理解GT_MEU和Gen_MEU的内容，然后根据给定的规则逐一比较，判断每个GT_MEU是否被正确回应。

首先看GT_MEU列表，共有10个条目，从GT_MEU_4_1到GT_MEU_4_10。对应的Gen_MEU有5个，MEU_4_1到MEU_4_5。我的任务是将每个GT_MEU与Gen_MEU进行匹配，并评估其正确性。

开始逐个分析：

1. **GT_MEU_4_1**:
   - 主体：上市公司大股东 | 董监高
   - 条件：计划通过本所集中竞价或大宗交易减持股份
   - 约束：应当及时通知公司，并在首次卖出的15个交易日前向本所报告并预先披露减持计划
   - Gen_MEU_4_1的条件和约束与GT_MEU_4_1完全一致，因此被正确回应。状态应为correct。

2. **GT_MEU_4_2到GT_MEU_4_6**:
   这些GT_MEU的条件都是“计划通过本所集中竞价或大宗交易减持股份，预先披露减持计划的”，约束分别是不同的内容。Gen_MEU_4_1的contextual_info中包含了所有这些约束内容。根据规则，如果多个Gen_MEU的并集覆盖了GT的语义，则视为正确。但这里Gen_MEU_4_1将约束内容放在contextual_info中，而根据规则，约束内容应放在constraint字段。因此，这些GT_MEU的约束没有被正确拆分到Gen_MEU的约束中，导致错误回应。例如，GT_MEU_4_2的约束应作为单独的MEU的约束，但被放在contextual_info中，属于错误。因此，这些GT_MEU的状态应为wrong，由Gen_MEU_4_1回应，但状态错误。

3. **GT_MEU_4_7**:
   - 条件：披露减持计划
   - 约束：每次披露的减持时间区间不得超过3个月
   - Gen_MEU_4_2的条件是“每次披露的减持计划中减持时间区间”，约束是“不得超过3个月”。条件中的“披露减持计划”与Gen的条件“减持时间区间”是否一致？可能Gen的条件更具体，但约束正确。根据规则，如果拆分后的条件与原条件在逻辑上等价，则正确。这里GT的条件是更广泛的情况，而Gen的条件更具体，可能覆盖范围不同。例如，GT的条件是只要披露减持计划，时间区间就受限，而Gen的条件是每次披露的时间区间，可能更准确。因此，可能正确。但需要确认是否覆盖相同情况。如果Gen的条件是每次披露的时间区间，那么当披露减持计划时，必须满足时间区间不超过3个月，这与GT的约束一致。因此，状态应为correct，由MEU_4_2回应。

4. **GT_MEU_4_8**:
   - 条件：拟在3个月内通过集中竞价交易减持股份的总数超过公司股份总数1%
   - 约束：应当在首次卖出的30个交易日前预先披露减持计划
   - Gen_MEU_4_3的条件是“拟在3个月内通过集中竞价交易减持股份的总数超过公司股份总数1%的”，约束是“还应当在首次卖出的30个交易日前预先披露减持计划”。这里的“还应当”可能暗示有其他条件，但原GT的条件和约束是否完全覆盖？Gen的约束中的“还”可能多余，但语义上是否一致？原GT的约束是“应当”，而Gen的约束是“还应当”，可能意味着除了其他披露外还需要，但原GT没有其他条件。因此，可能属于正确回应。状态应为correct，由MEU_4_3回应。

5. **GT_MEU_4_9**:
   - 主体：控股股东 | 实际控制人
   - 条件：减持股份
   - 约束：减持计划除应披露前款内容外，还应当说明是否符合本指引第十二条规定，以及是否存在其他重大负面事项或重大风险
   - Gen_MEU_4_4的条件是“减持股份的”，约束是“应当说明是否符合本指引第十二条规定，以及上市公司是否存在其他重大负面事项或重大风险”。这里缺少“除应披露前款内容外”的部分。原GT的约束要求除了前款内容外，还要说明这两点。Gen的约束是否包含前款内容？如果Gen的MEU_4_4的约束仅包括这两点，而前款内容可能由其他MEU处理，那么可能正确。但根据GT的约束，必须包含“除前款内容外”，而Gen的约束没有提到这一点，因此可能遗漏了部分内容，导致约束更严格或不同。因此，状态应为wrong，由MEU_4_4回应，但约束不完整。

6. **GT_MEU_4_10**:
   - 主体：控股股东 | 实际控制人
   - 条件：减持股份属于公开发行并上市前持有
   - 约束：减持计划还应当明确未来12个月的控制权安排，保证持续稳定经营
   - Gen_MEU_4_5的条件和约束与GT完全一致，因此正确，由MEU_4_5回应，状态correct。

接下来，检查每个GT是否被回应：

- GT_4_1: MEU_4_1 → correct
- GT_4_2到GT_4_6: 由MEU_4_1的contextual_info中的内容，但约束未被正确拆分 → wrong
- GT_4_7: MEU_4_2 → correct
- GT_4_8: MEU_4_3 → correct
- GT_4_9: MEU_4_4 → wrong（缺少前款内容）
- GT_4_10: MEU_4_5 → correct

但需要确认每个GT对应的Gen_MEU：

例如，GT_4_2到GT_4_6的条件是“预先披露减持计划的”，而Gen_MEU_4_1的条件是“计划通过...减持股份的”，其contextual_info包含了这些约束。但根据规则，约束必须放在constraint字段，否则错误。因此，这些GT的约束被错误地放在contextual_info中，导致状态为wrong，即使被回应，但内容不正确。

总结：

GT_MEU_4_1被MEU_4_1正确回应。
GT_MEU_4_2到4_6未被正确回应，因为约束被放在contextual_info而非constraint字段。
GT_MEU_4_7被MEU_4_2正确回应。
GT_MEU_4_8被MEU_4_3正确回应。
GT_MEU_4_9被MEU_4_4错误回应（缺少部分约束）。
GT_MEU_4_10被MEU_4_5正确回应。
","CompletionUsage(completion_tokens=2127, prompt_tokens=3969, total_tokens=6096, completion_tokens_details=CompletionTokensDetails(accepted_prediction_tokens=None, audio_tokens=None, reasoning_tokens=1534, rejected_prediction_tokens=None), prompt_tokens_details=PromptTokensDetails(audio_tokens=None, cached_tokens=0))"
17,"

<EVALUATE>
{
  ""GT_MEU_17_1"": {
    ""been_responsed_by"": [""Gen_MEU_17_1""],
    ""state"": ""correct"",
    ""comment"": ""主体、条件和约束内容完全匹配""
  },
  ""GT_MEU_17_2"": {
    ""been_responsed_by"": [""Gen_MEU_17_2""],
    ""state"": ""correct"",
    ""comment"": ""语义和逻辑约束完全一致""
  }
}
</EVALUATE>","好的，我现在需要处理用户提供的GT_MEU和Gen_MEU数据，并按照给定的规则进行评估。首先，我需要仔细阅读每个GT_MEU和对应的Gen_MEU，比较它们的各个部分是否符合要求。

首先看GT_MEU_17_1。它的subject是“上市公司董监高”，condition是“在其就任时确定的任期内和任期届满后6个月内，每年通过集中竞价、大宗交易、协议转让等方式转让股份且不属于因司法强制执行、继承、遗赠、依法分割财产等导致股份变动”，constraint是“每年转让的股份不得超过其所持本公司股份总数的25%”。对应的Gen_MEU_17_1的各个部分看起来完全一致，subject、condition、constraint都匹配，没有遗漏或错误。因此，GT_MEU_17_1应该被Gen_MEU_17_1正确回应，状态是correct。

接下来是GT_MEU_17_2，它的subject同样是“上市公司董监高”，condition是“所持股份不超过1000股”，constraint是“可一次全部转让且不受前款转让比例限制”。对应的Gen_MEU_17_2的各个部分也完全一致，条件中的股份数量和约束内容都正确，没有错误。所以GT_MEU_17_2应该被Gen_MEU_17_2正确回应，状态也是correct。

需要检查是否有其他Gen_MEU回应了这两个GT_MEU，但根据提供的Gen_MEU列表，每个GT_MEU都有一个对应的Gen_MEU，且ID也对应。此外，检查是否有拆分错误，比如condition中的“且”是否被错误拆分，但这里Gen_MEU的condition和GT的完全一致，没有拆分，所以没问题。约束部分也没有被错误拆分或合并，符合要求。因此，两个GT_MEU都被正确回应，状态都是correct，且没有遗漏或被错误回应的情况。
","CompletionUsage(completion_tokens=524, prompt_tokens=2973, total_tokens=3497, completion_tokens_details=CompletionTokensDetails(accepted_prediction_tokens=None, audio_tokens=None, reasoning_tokens=408, rejected_prediction_tokens=None), prompt_tokens_details=PromptTokensDetails(audio_tokens=None, cached_tokens=0))"
5,"

<EVALUATE>
{
  ""GT_MEU_5_1"": {
    ""been_responsed_by"": [""Gen_MEU_5_1""],
    ""state"": ""correct"",
    ""comment"": ""主体、条件和约束完全匹配""
  },
  ""GT_MEU_5_2"": {
    ""been_responsed_by"": [],
    ""state"": ""wrong"",
    ""comment"": ""未被任何Gen_MEU回应，约束内容被错误放置在contextual_info""
  },
  ""GT_MEU_5_3"": {
    ""been_responsed_by"": [],
    ""state"": ""wrong"",
    ""comment"": ""未被任何Gen_MEU回应，约束内容被错误放置在contextual_info""
  },
  ""GT_MEU_5_4"": {
    ""been_responsed_by"": [],
    ""state"": ""wrong"",
    ""comment"": ""未被任何Gen_MEU回应，约束内容被错误放置在contextual_info""
  },
  ""GT_MEU_5_5"": {
    ""been_responsed_by"": [""Gen_MEU_5_2""],
    ""state"": ""correct"",
    ""comment"": ""约束条件被合并但语义等价""
  },
  ""GT_MEU_5_6"": {
    ""been_responsed_by"": [""Gen_MEU_5_2""],
    ""state"": ""correct"",
    ""comment"": ""约束条件被合并但语义等价""
  }
}
</EVALUATE>","好的，我现在需要处理这个法律MEU的评估任务。首先，我得仔细理解用户提供的GT_MEU和Gen_MEU，然后按照给定的规则逐一比较，判断每个GT_MEU是否被正确回应。

首先看GT_MEU部分，总共有6个MEU，从GT_MEU_5_1到GT_MEU_5_6。对应的Gen_MEU有两个，MEU_5_1和MEU_5_2。我需要逐个分析每个GT_MEU是否被Gen_MEU覆盖，并且是否正确。

开始分析GT_MEU_5_1：
- 主体是“上市公司大股东 | 董监高”，条件是“股份减持计划实施完毕或者披露的减持时间区间届满”，约束是“应当及时向本所报告并披露减持结果公告”。
- Gen_MEU_5_1的条件是“股份减持计划实施完毕或披露的减持时间区间届满”，这里用了“或”而不是“或者”，但语义相同。约束部分完全一致。主体也一致。此外，Gen_MEU_5_1的contextual_info提到了公告内容，但GT_MEU_5_1的约束只要求报告和披露，而具体内容可能属于其他MEU。所以GT_MEU_5_1应该被MEU_5_1正确回应，状态是correct。

接下来是GT_MEU_5_2、5_3、5_4：
这三个MEU的条件都是“披露减持结果公告”，约束分别是公告应包含已减持数量、比例、一致性说明。这三个GT_MEU的约束在Gen_MEU_5_1的contextual_info中被合并提及：“减持结果公告内容主要包括已减持数量、比例、是否与已披露的减持计划一致等”。这里，Gen_MEU_5_1的contextual_info包含了这三个约束的内容，但问题在于，这些约束是否被正确分配到constraint字段。根据规则，如果约束内容被放在contextual_info中，而本应属于constraint的话，这属于错误。因此，这三个GT_MEU的约束没有被Gen_MEU正确回应，因为它们的约束没有被放在Gen_MEU的constraint字段，而是作为contextual_info。所以这三个GT_MEU没有被任何Gen_MEU正确回应，状态是wrong，且未被回应。

然后是GT_MEU_5_5和5_6：
这两个的条件都是“在减持时间区间内，上市公司发生高送转、并购重组等重大事项”，约束分别是同步披露进展情况和说明关联性。Gen_MEU_5_2的约束将这两个合并为一个：“应当同步披露减持进展情况，并说明本次减持与前述重大事项的关联性”。这里，Gen_MEU_5_2的约束同时覆盖了GT_MEU_5_5和5_6的约束内容，并且条件一致，主体也正确。根据规则，如果多个约束被合并到一个MEU中，只要语义等价，可以视为正确。因此，这两个GT_MEU都被MEU_5_2回应，且状态是correct。

总结：
- GT_MEU_5_1被MEU_5_1正确回应。
- GT_MEU_5_2、5_3、5_4未被回应，状态wrong。
- GT_MEU_5_5和5_6被MEU_5_2回应，状态correct。
","CompletionUsage(completion_tokens=1053, prompt_tokens=3269, total_tokens=4322, completion_tokens_details=CompletionTokensDetails(accepted_prediction_tokens=None, audio_tokens=None, reasoning_tokens=729, rejected_prediction_tokens=None), prompt_tokens_details=PromptTokensDetails(audio_tokens=None, cached_tokens=0))"
22,"

<EVALUATE>
{
  ""GT_MEU_22_1"": {
    ""been_responsed_by"": [""Gen_MEU_22_1""],
    ""state"": ""wrong"",
    ""comment"": ""Gen_MEU条件中缺少'股票已完成过户'关键要素，导致约束应用范围扩大""
  },
  ""GT_MEU_22_2"": {
    ""been_responsed_by"": [""Gen_MEU_22_2""],
    ""state"": ""wrong"",
    ""comment"": ""Gen_MEU未包含'股票已完成过户'条件，且主体表述存在逻辑嵌套导致覆盖范围不准确""
  },
  ""GT_MEU_22_3"": {
    ""been_responsed_by"": [""Gen_MEU_22_3""],
    ""state"": ""correct"",
    ""comment"": ""主体、条件与约束完全匹配""
  },
  ""GT_MEU_22_4"": {
    ""been_responsed_by"": [""Gen_MEU_22_4""],
    ""state"": ""correct"",
    ""comment"": ""语义要素完整覆盖""
  },
  ""GT_MEU_22_5"": {
    ""been_responsed_by"": [""Gen_MEU_22_5""],
    ""state"": ""wrong"",
    ""comment"": ""Gen_MEU条件中遗漏'不存在法律、行政法规另有规定'的例外条款，导致约束适用范围扩大""
  }
}
</EVALUATE>","好的，我现在需要处理用户提供的法律MEU评估任务。首先，我需要仔细理解GT_MEU和Gen_MEU的内容，然后逐一比较它们之间的对应关系，判断每个GT_MEU是否被正确回应。

首先，看一下GT_MEU列表和Gen_MEU列表的结构。GT_MEU共有5个条目，从GT_MEU_22_1到GT_MEU_22_5。Gen_MEU也有5个条目，MEU_22_1到MEU_22_5。我的任务是将每个GT_MEU与可能的Gen_MEU匹配，并评估其正确性。

开始逐个分析：

1. **GT_MEU_22_1**：
   - 主体：上市公司大股东、董监高、过入方
   - 条件：因离婚等导致减持，股票已过户且无例外情况
   - 约束：过户后持续遵守大股东、董监高的减持规定
   - 查看Gen_MEU：
     - MEU_22_1的主体是过出方和过入方，而GT中的主体包括大股东、董监高和过入方。这里可能存在主体不匹配的问题。但Gen_MEU_22_1的条件是“导致大股东、董监高减持”，而约束是遵守大股东、董监高的规定。虽然主体中的过出方可能不准确，但可能Gen_MEU中的过出方指的是大股东、董监高？需要确认。或者可能Gen_MEU的主体有误，导致不完全匹配。但根据条件中的描述，减持的是大股东、董监高，所以过出方应该对应这些主体。因此，Gen_MEU_22_1可能回应了GT_MEU_22_1，但主体是否正确？
     - 另外，GT的条件中要求股票已完成过户，而Gen的条件中是否包含这一点？检查Gen_MEU_22_1的条件，发现其条件中有“减持股份且不存在法律...情况”，但没有明确提到“股票已完成过户”。而GT的条件中有“股票已完成过户”，所以Gen的条件缺少这一点，导致条件不完整。因此，Gen_MEU_22_1的条件不完整，无法正确回应GT_MEU_22_1。
     - 是否有其他Gen_MEU回应？比如MEU_22_2？MEU_22_2的条件是针对控股股东、实际控制人的情况，可能对应GT_MEU_22_2，所以可能不涉及这里。因此，GT_MEU_22_1可能未被正确回应，或者被错误回应。

   这里可能需要更仔细的分析。GT_MEU_22_1的条件包括三个要素：离婚等情况、减持股份、股票已完成过户且无例外。而Gen_MEU_22_1的条件是“导致大股东、董监高减持股份且不存在法律...情况”，但缺少了“股票已完成过户”这一条件。因此，Gen_MEU_22_1的条件不完整，导致约束无法正确应用。因此，GT_MEU_22_1未被正确回应，或者被错误回应。

   但查看Gen_MEU列表中的其他条目，是否有其他可能回应？比如MEU_22_3的条件是“拟分配股份”，可能对应GT_MEU_22_3，所以不相关。因此，GT_MEU_22_1可能未被正确回应，或者被MEU_22_1错误回应，因为条件缺少关键点。

2. **GT_MEU_22_2**：
   - 主体：控股股东、实际控制人、过入方
   - 条件：因离婚等情况导致减持，股票已过户且无例外
   - 约束：遵守控股股东、实际控制人的规定
   - 对应的Gen_MEU可能是MEU_22_2：
     - 主体是过出方和过入方，但条件中提到“上市公司大股东为控股股东、实际控制人”，这可能将主体限制为控股股东的情况。约束是遵守控股股东的规定。因此，Gen_MEU_22_2的条件是否正确？
     - GT的条件是控股股东等减持，而Gen的条件是当大股东是控股股东的情况下减持。这可能覆盖了GT的条件，但主体是否正确？GT的主体是控股股东、实际控制人、过入方，而Gen的主体是过出方和过入方。过出方在这里可能指控股股东、实际控制人，所以主体可能正确。条件中的“减持股份且不存在...”是否包含股票已过户？Gen的条件中没有明确提到股票已过户，所以条件不完整。因此，Gen_MEU_22_2的条件缺少“股票已过户”，导致约束无法正确应用，因此状态为wrong。

3. **GT_MEU_22_3**：
   - 主体：大股东、董监高
   - 条件：因离婚等情况拟分配股份
   - 约束：及时披露
   - Gen_MEU_22_3的条件和约束是否匹配？
     - Gen_MEU_22_3的主体是“上市公司大股东、董监高”，条件相同，约束相同。看起来正确，所以状态为correct，被MEU_22_3回应。

4. **GT_MEU_22_4**：
   - 主体：大股东
   - 条件：自持股低于5%起90日内继续减持
   - 约束：仍遵守大股东减持规定
   - Gen_MEU_22_4的条件和主体是否匹配？
     - Gen_MEU_22_4的主体和条件与GT一致，约束也相同。因此，正确，被MEU_22_4回应。

5. **GT_MEU_22_5**：
   - 主体：过出方、过入方
   - 条件：因赠与导致减持且无例外
   - 约束：参照协议转让规定
   - Gen_MEU_22_5的条件是“因赠与导致减持”，但缺少“且不存在法律...情况”，而约束相同。因此，条件不完整，导致状态为wrong。此外，GT的comment提到怀疑原文中的“股东”应为“大股东”，但Gen中的条件仍然是“上市公司股东”，可能未修正，所以条件中的主体范围可能更广，导致约束应用错误。因此，Gen_MEU_22_5的条件不完整，状态为wrong。

现在需要整理每个GT对应的Gen_MEU：

- GT_MEU_22_1：可能被MEU_22_1回应，但条件缺少“股票已过户”，所以错误。
- GT_MEU_22_2：可能被MEU_22_2回应，但条件同样缺少“股票已过户”，错误。
- GT_MEU_22_3：正确，被MEU_22_3回应。
- GT_MEU_22_4：正确，被MEU_22_4回应。
- GT_MEU_22_5：被MEU_22_5回应，但条件缺少“且不存在...”，错误。

另外，检查是否有多个Gen_MEU回应同一个GT。例如，GT_MEU_22_1和GT_MEU_22_2是否被多个Gen_MEU回应？

比如，MEU_22_1和MEU_22_2是否都回应了某个GT？可能MEU_22_1对应GT_22_1，MEU_22_2对应GT_22_2，但各自的条件都不完整。

此外，GT_MEU_22_5的Gen_MEU_22_5的条件缺少了“且不存在法律、行政法规、中国证监会另有规定的情况”，所以约束可能被错误应用，导致状态为wrong。

总结：

- GT_22_1: been_responsed_by [MEU_22_1], state: wrong（条件缺少股票过户）
- GT_22_2: been_responsed_by [MEU_22_2], state: wrong（条件缺少股票过户）
- GT_22_3: [MEU_22_3], correct
- GT_22_4: [MEU_22_4], correct
- GT_22_5: [MEU_22_5], wrong（条件缺少例外情况）

另外，检查是否有其他可能的回应。例如，GT_22_1是否被其他Gen_MEU回应？比如，是否有其他Gen_MEU的条件包含股票过户？查看所有Gen_MEU的条件：

MEU_22_1的条件中没有提到股票过户，MEU_22_2也没有，MEU_22_3的条件是拟分配股份，MEU_22_4是减持时间，MEU_22_5是赠与。因此，GT_22_1和22_2的条件中的“股票已完成过户”在Gen中没有被包含，导致条件不完整，因此回应错误。

此外，GT_MEU_22_5的Gen_MEU_22_5的条件缺少了“且不存在法律...情况”，所以约束可能被错误应用，因此状态为wrong。

最后，GT_MEU_22_3和22_4被正确回应，其他三个被错误回应或未被回应。
","CompletionUsage(completion_tokens=2286, prompt_tokens=3555, total_tokens=5841, completion_tokens_details=CompletionTokensDetails(accepted_prediction_tokens=None, audio_tokens=None, reasoning_tokens=1970, rejected_prediction_tokens=None), prompt_tokens_details=PromptTokensDetails(audio_tokens=None, cached_tokens=0))"
23,"

<EVALUATE>
{
  ""GT_MEU_23_1"": {
    ""been_responsed_by"": [""Gen_MEU_23_1""],
    ""state"": ""correct"",
    ""comment"": ""主体、条件和约束完全一致""
  },
  ""GT_MEU_23_2"": {
    ""been_responsed_by"": [""Gen_MEU_23_2""],
    ""state"": ""correct"",
    ""comment"": ""条件中'在限制转让期限内'与'处于限制转让期限内'语义等价""
  },
  ""GT_MEU_23_3"": {
    ""been_responsed_by"": [""Gen_MEU_23_3""],
    ""state"": ""correct"",
    ""comment"": ""语义和逻辑约束完全匹配""
  },
  ""GT_MEU_23_4"": {
    ""been_responsed_by"": [""Gen_MEU_23_4""],
    ""state"": ""correct"",
    ""comment"": ""条件与约束内容完全一致""
  }
}
</EVALUATE>","好的，我现在需要处理用户提供的法律MEU评估任务。首先，我需要仔细理解任务要求和提供的GT_MEU与Gen_MEU数据。

首先，GT_MEU有四个条目，分别是GT_MEU_23_1到GT_MEU_23_4。对应的Gen_MEU也有四个，MEU_23_1到MEU_23_4。我的任务是比较每个GT_MEU是否被Gen_MEU正确回应，并记录哪些Gen_MEU回应了它们，以及整体状态是否正确。

开始逐个分析：

1. **GT_MEU_23_1**：
   - 主体是“上市公司大股东 | 董监高”，条件为nan，约束是“不得融券卖出本公司股份”。
   - Gen_MEU_23_1的主体、条件和约束完全一致，所以这个应该被正确回应，状态是correct。

2. **GT_MEU_23_2**：
   - 主体是“股东”，条件是“持有的股份处于限制转让期限内”，约束是“不得融券卖出”。
   - Gen_MEU_23_2的条件是“持有的股份在限制转让期限内”，这里“在”和“处于”是近义词，没有改变原意。因此，Gen_MEU_23_2正确回应了GT_MEU_23_2，状态correct。

3. **GT_MEU_23_3**：
   - 主体是“股东”，条件是“存在其他不得减持情形”，约束相同。
   - Gen_MEU_23_3的条件和约束完全一致，所以正确回应，状态correct。

4. **GT_MEU_23_4**：
   - 主体是“股东”，条件是“在获得具有限制转让期限的股份前存在尚未了结的该上市公司股份融券合约”，约束是“应当在获得相关股份前了结融券合约”。
   - Gen_MEU_23_4的条件和约束与GT完全一致，所以正确回应，状态correct。

接下来检查是否有遗漏或错误。例如，GT_MEU_23_2的comment提到是否需要分开列出，但Gen_MEU_23_2已经正确覆盖了条件，所以不影响评估。所有Gen_MEU都一一对应了GT_MEU，没有多对一或遗漏的情况。因此，所有GT_MEU都被正确回应，状态均为correct。
","CompletionUsage(completion_tokens=737, prompt_tokens=3128, total_tokens=3865, completion_tokens_details=CompletionTokensDetails(accepted_prediction_tokens=None, audio_tokens=None, reasoning_tokens=509, rejected_prediction_tokens=None), prompt_tokens_details=PromptTokensDetails(audio_tokens=None, cached_tokens=0))"
6,"

<EVALUATE>
{
  ""GT_MEU_6_1"": {
    ""been_responsed_by"": [""Gen_MEU_6_1""],
    ""state"": ""correct"",
    ""comment"": ""主体、条件和约束内容完全匹配""
  },
  ""GT_MEU_6_2"": {
    ""been_responsed_by"": [""Gen_MEU_6_2""],
    ""state"": ""correct"",
    ""comment"": ""约束中'应当'的语义已隐含在行为要求中，逻辑约束与GT_MEU等价""
  }
}
</EVALUATE>","好的，我现在需要处理用户提供的GT_MEU和Gen_MEU数据，并按照给定的规则进行评估。首先，我需要仔细阅读每个MEU的内容，并比较它们之间的差异。

首先看GT_MEU部分，有两个条目：GT_MEU_6_1和GT_MEU_6_2。两者的主体都是“上市公司大股东 | 董监高”，条件都是“计划通过本所协议转让减持股份”。约束部分不同，GT_MEU_6_1的约束是“应当及时通知公司”，而GT_MEU_6_2的约束是“应当按照本所关于协议转让的有关要求办理”。这两个GT_MEU的条件相同，但约束不同，因此需要分别处理。

接下来看Gen_MEU部分，同样有两个条目：MEU_6_1和MEU_6_2。它们的条件都是“计划通过本所协议转让减持股份的”，比GT的条件多了一个“的”字，但根据规则，这种细微的语法差异如果不影响语义的话是可以接受的。MEU_6_1的约束是“应当及时通知公司”，与GT_MEU_6_1完全一致。MEU_6_2的约束是“按照本所关于协议转让的有关要求办理”，缺少了“应当”这个词。根据评估规则，如果约束部分本身蕴含“应当”的语义，即使没有显式写出也不算错误。因此，这里虽然缺少“应当”，但约束内容仍然正确，因为“应当按照”中的“应当”可以隐含在约束中，所以Gen_MEU_6_2的约束是正确的。

接下来需要确定每个GT_MEU被哪些Gen_MEU回应。GT_MEU_6_1的条件和约束分别对应MEU_6_1，所以被MEU_6_1回应。GT_MEU_6_2的条件对应MEU_6_2的条件，约束部分虽然缺少“应当”，但根据规则，这不算错误，因此MEU_6_2回应了GT_MEU_6_2。因此，两个GT_MEU都被正确回应了。

检查是否有遗漏或错误。例如，是否有Gen_MEU遗漏了某些必要的信息，或者约束条件是否被错误地放宽或收紧。在MEU_6_2的约束中，虽然缺少“应当”，但根据规则，约束部分隐含了“应当”的语义，因此不算错误。因此，两个Gen_MEU都正确覆盖了对应的GT_MEU的语义和逻辑，没有遗漏或错误。

最后，确认每个GT_MEU的状态。GT_MEU_6_1和GT_MEU_6_2都被对应的Gen_MEU正确回应，因此状态为“correct”，且评论说明各自的约束是否匹配。
","CompletionUsage(completion_tokens=721, prompt_tokens=2898, total_tokens=3619, completion_tokens_details=CompletionTokensDetails(accepted_prediction_tokens=None, audio_tokens=None, reasoning_tokens=589, rejected_prediction_tokens=None), prompt_tokens_details=PromptTokensDetails(audio_tokens=None, cached_tokens=0))"
10,"

<EVALUATE>
{
  ""GT_MEU_10_1"": {
    ""been_responsed_by"": [""MEU_10_1""],
    ""state"": ""wrong"",
    ""comment"": ""Gen_MEU_10_1将两个独立条件合并为逻辑与关系，导致约束范围缩小""
  },
  ""GT_MEU_10_2"": {
    ""been_responsed_by"": [],
    ""state"": ""wrong"",
    ""comment"": ""未被任何Gen_MEU正确回应""
  },
  ""GT_MEU_10_3"": {
    ""been_responsed_by"": [""MEU_10_2""],
    ""state"": ""correct"",
    ""comment"": ""语义和逻辑约束完全匹配""
  },
  ""GT_MEU_10_4"": {
    ""been_responsed_by"": [""MEU_10_3""],
    ""state"": ""correct"",
    ""comment"": ""条件与约束内容完全等价""
  },
  ""GT_MEU_10_5"": {
    ""been_responsed_by"": [""MEU_10_4""],
    ""state"": ""correct"",
    ""comment"": ""'其他禁止减持情形'与'其他情形'在禁止减持场景下具有等价性""
  }
}
</EVALUATE>","好的，我现在需要处理用户提供的法律MEU评估任务。首先，我需要仔细理解GT_MEU和Gen_MEU的内容，然后逐一比较它们是否符合评估标准。

首先看GT_MEU部分，共有五个条目，从GT_MEU_10_1到GT_MEU_10_5。每个MEU的主体都是“上市公司大股东”，约束都是“不得减持其所持有的本公司股份”，但条件各不相同。例如，GT_MEU_10_1的条件是立案调查或侦查期间，GT_MEU_10_2是处罚或判决后未满6个月，GT_MEU_10_3是被公开谴责未满3个月，GT_MEU_10_4是罚没款未缴且无例外，GT_MEU_10_5是其他情形。

接下来看Gen_MEU部分，共有四个条目。MEU_10_1的条件合并了GT_MEU_10_1和10_2的情况，将立案期间和处罚后的时间合并为一个条件。MEU_10_2对应GT_MEU_10_3的条件，看起来正确。MEU_10_3对应GT_MEU_10_4，但需要检查条件是否一致。MEU_10_4对应GT_MEU_10_5，但条件中的“禁止减持情形”是否与原“其他情形”等价？

现在逐个分析每个GT_MEU：

1. **GT_MEU_10_1**：条件是在立案调查或侦查期间。Gen_MEU_10_1的条件将期间和处罚后的6个月合并，导致覆盖了GT_MEU_10_1和10_2的条件。因此，GT_MEU_10_1被MEU_10_1回应，但Gen的条件更广，可能正确吗？根据规则，如果合并后的条件与原条件等价，则正确。但这里合并了两个不同的条件，导致Gen的MEU覆盖了更广的情况，可能错误。例如，原GT_MEU_10_1仅针对期间，而Gen的MEU_10_1还包括了处罚后的6个月，这属于不同的情况，所以Gen的MEU_10_1实际上回应了GT_MEU_10_1和10_2，但每个GT需要单独判断是否被正确回应。因此，GT_MEU_10_1是否被正确回应要看Gen的条件是否覆盖了原条件。是的，因为Gen的条件包括原条件，但同时也包括了另一个条件，所以是否会导致错误？根据规则，如果Gen的MEU的condition覆盖了GT的condition，但合并了其他条件，是否算正确？例如，如果GT的条件是A，而Gen的条件是A或B，那么当A发生时，Gen的MEU会被触发，约束相同，所以在这种情况下，Gen的MEU正确回应了GT_MEU_10_1的条件。但根据案例中的处理，比如在案例1中，当Gen遗漏了部分条件时会被判错。但这里Gen的条件实际上合并了两个GT的条件，所以可能属于拆分方式不同。根据规则中的“MEU的拆分方式可能不同，只要并集等价”，需要判断是否逻辑等价。GT_MEU_10_1和10_2是两个独立的条件，而Gen将它们合并为一个条件中的两个情况，用“以及”连接？或者原GT的条件是分开的，而Gen合并了。例如，原GT_10_1的条件是“在调查期间”，而GT_10_2是“处罚后未满6个月”。Gen的MEU_10_1的条件是“在调查期间，以及在处罚后未满6个月”，即两个条件用“以及”连接？这显然有问题，因为原条件是两个独立的情况，而Gen的条件可能将两者合并为一个条件中的两个部分，但实际上应该是“或”的关系。例如，正确的条件应该是“在调查期间”或者“处罚后未满6个月”，而Gen可能错误地用“以及”连接，导致条件更严格。但根据用户提供的Gen_MEU_10_1的条件描述，原文是“在被中国证监会及其派出机构立案调查或者被司法机关立案侦查期间，以及在行政处罚决定、刑事判决作出之后未满6个月”，这里的“以及”可能实际上是并列的两个条件，即“在调查期间”或者“处罚后未满6个月”？可能用户输入中的逗号和“以及”可能存在表述问题。例如，可能Gen的条件是两种情况，用逗号分隔，而实际上应该是“或”的关系。如果Gen的MEU_10_1的条件是两种情况的“或”，那么它正确覆盖了GT_MEU_10_1和10_2的条件，此时两个GT的MEU都被正确回应。但根据用户提供的Gen_MEU_10_1的条件，条件中的两个部分用逗号和“以及”连接，这可能意味着两个条件需要同时满足，即“在调查期间”并且“处罚后未满6个月”，这显然不符合原GT的条件。因此，Gen_MEU_10_1的条件是错误的，因为它将两个独立的条件合并为一个需要同时满足的条件，导致约束范围缩小，无法正确覆盖原GT_MEU_10_1和10_2的条件。因此，GT_MEU_10_1被MEU_10_1回应，但状态是wrong，因为条件错误。

但需要再仔细看Gen_MEU_10_1的条件描述：“因涉嫌与本上市公司有关的证券期货违法犯罪，在被中国证监会及其派出机构立案调查或者被司法机关立案侦查期间，以及在行政处罚决定、刑事判决作出之后未满6个月”。这里的“以及”可能表示并列的两个条件，即“在调查期间”或者“处罚后未满6个月”？或者是否用“以及”连接，导致两个条件都需要满足？中文中，“以及”通常表示并列，但可能在这里是列举两种情况，即分号分隔的情况。例如，可能条件中的两个部分是独立的，用逗号和“以及”连接可能表示两种情况中的任意一种。例如，正确的条件应该是“在调查期间”或者“处罚后未满6个月”，而Gen的MEU_10_1的条件是否正确？

假设Gen的条件是两种情况的“或”，那么它正确覆盖了GT_MEU_10_1和10_2的条件，此时两个GT的MEU都被正确回应。但根据中文的表述，“以及”在这里可能表示两种情况都需要满足，这会导致条件更严格，从而错误。例如，原GT_MEU_10_1的条件是“在调查期间”，而Gen的条件是“在调查期间并且处罚后未满6个月”，这显然不可能同时满足，因此Gen的条件是错误的。因此，Gen_MEU_10_1的条件是错误的，导致GT_MEU_10_1和10_2未被正确回应。

但根据用户提供的Gen_MEU_10_1的条件，可能实际上的条件是两个独立的情况，即“在调查期间”或者“处罚后未满6个月”，而“以及”在这里可能被错误使用，导致条件被误解。例如，可能Gen的条件中的“以及”实际上是分隔符，而正确的逻辑是“或”。这种情况下，Gen的条件覆盖了GT_MEU_10_1和10_2的条件，因此两个GT的MEU都被正确回应。但根据评估规则中的并列关系处理，condition中的“或”可以拆分为不同MEU，而“且”不可拆分。如果Gen的MEU将两个条件合并为一个MEU中的“或”关系，那么是否允许？

例如，如果GT_MEU_10_1和10_2的条件是两种不同的情况，而Gen将它们合并到一个MEU中，用“或”连接，那么是否允许？根据规则，允许，因为拆分方式不同，只要覆盖范围等价。因此，如果Gen的MEU_10_1的条件是两种情况的“或”，那么它正确回应了GT_MEU_10_1和10_2，此时两个GT的MEU都被MEU_10_1回应，并且状态为correct。但需要看Gen的条件中的逻辑连接词是否正确。

回到Gen_MEU_10_1的条件描述：“因涉嫌与本上市公司有关的证券期货违法犯罪，在被中国证监会及其派出机构立案调查或者被司法机关立案侦查期间，以及在行政处罚决定、刑事判决作出之后未满6个月”。这里的“以及”可能表示两种情况都需要满足，但原GT的条件是两个独立的情况。因此，Gen的条件是错误的，因为它将两个独立的条件合并为一个需要同时满足的条件，导致约束范围缩小，无法正确覆盖原GT的条件。因此，GT_MEU_10_1和10_2的状态应为wrong，因为它们被MEU_10_1错误回应。

但可能用户输入的Gen_MEU_10_1的条件中的“以及”实际上是分隔符，而实际逻辑是“或”。例如，可能条件中的两个部分用逗号分隔，而“以及”只是连接词，实际是两种情况的并列。这种情况下，Gen的条件覆盖了两种情况，即“在调查期间”或者“处罚后未满6个月”，那么此时Gen的MEU_10_1正确回应了GT_MEU_10_1和10_2。因此，需要判断中文中“以及”在此处的用法。

中文中，“以及”通常用于连接并列的成分，但有时可能用于列举不同的情况。例如，原GT_MEU_10_1的条件是“在调查期间”，而GT_MEU_10_2的条件是“处罚后未满6个月”，这两个是独立的条件。Gen的MEU_10_1的条件是“在调查期间，以及在处罚后未满6个月”，这里的“以及”可能表示两种情况都需要满足，但逻辑上不可能同时存在，因此Gen的条件是错误的。或者，可能这里的“以及”是列举两种情况，即“在调查期间”或者“处罚后未满6个月”，此时条件是正确的。这需要根据中文语法来判断。

例如，原句可能的结构是：“因涉嫌...，在A期间，以及在B之后未满6个月”，这里的“以及”可能表示两种情况中的任意一种。例如，可能正确的逻辑是“在A期间或者在B之后未满6个月”，而“以及”在这里被错误使用，导致条件被误解为需要同时满足。因此，Gen的条件是错误的，导致回应错误。

因此，GT_MEU_10_1被MEU_10_1回应，但状态是wrong，因为条件错误。

接下来，GT_MEU_10_2的条件是“处罚后未满6个月”，而Gen_MEU_10_1的条件是否覆盖了这一点？如果Gen的条件中的“以及”导致需要同时满足两个条件，那么Gen的条件无法覆盖GT_MEU_10_2的条件，因此GT_MEU_10_2未被回应。或者，如果Gen的条件是两种情况的“或”，则覆盖了GT_MEU_10_1和10_2，此时两个GT的MEU都被正确回应。但根据用户提供的Gen_MEU_10_1的条件，可能条件中的两个部分是并列的，用“以及”连接，导致需要同时满足，因此错误。因此，GT_MEU_10_2未被正确回应，因为MEU_10_1的条件错误，而没有被其他Gen_MEU回应，所以状态是wrong，been_responsed_by是空或者MEU_10_1？

这里可能需要更仔细的分析。假设Gen_MEU_10_1的条件是“在调查期间或者处罚后未满6个月”，那么它正确覆盖了GT_MEU_10_1和10_2的条件，此时两个GT的MEU都被MEU_10_1回应，并且状态为correct。但根据用户提供的Gen_MEU_10_1的条件中的连接词是“以及”，这可能表示“并且”，导致条件错误。因此，正确的判断是Gen_MEU_10_1的条件错误，导致GT_MEU_10_1和10_2未被正确回应。

因此，GT_MEU_10_1的been_responsed_by是[""MEU_10_1""], 状态是wrong，因为条件错误。同样，GT_MEU_10_2的been_responsed_by是[""MEU_10_1""], 状态是wrong，因为条件错误。

接下来，GT_MEU_10_3的条件是“被公开谴责未满3个月”，对应的Gen_MEU_10_2的条件相同，因此状态correct。

GT_MEU_10_4的条件是“被行政处罚且罚没款未缴，且无例外情况”，对应的Gen_MEU_10_3的条件是“被行政处罚且罚没款未缴，且不符合例外情况”，与原条件一致，因此状态correct。

GT_MEU_10_5的条件是“存在其他情形”，对应的Gen_MEU_10_4的条件是“存在其他禁止减持情形”，这里的“禁止减持情形”是否与原“其他情形”等价？原GT的条件是“存在中国证监会及本所规定的其他情形”，而Gen的条件是“其他禁止减持情形”，可能更具体，但根据法律条文，这里的“其他情形”应指禁止减持的情形，因此Gen的条件正确，状态correct。

总结：

- GT_MEU_10_1: 被MEU_10_1回应，但条件错误，状态wrong。
- GT_MEU_10_2: 未被正确回应，因为MEU_10_1的条件错误，且没有其他Gen_MEU回应，状态wrong。
- GT_MEU_10_3: 被MEU_10_2正确回应，状态correct。
- GT_MEU_10_4: 被MEU_10_3正确回应，状态correct。
- GT_MEU_10_5: 被MEU_10_4正确回应，状态correct。

但需要再次检查：

GT_MEU_10_2的条件是“处罚后未满6个月”，而Gen_MEU_10_1的条件是否覆盖了这一点？如果Gen的条件是“在调查期间以及处罚后未满6个月”，即两者都需要满足，那么无法覆盖GT_MEU_10_2的条件，因此GT_MEU_10_2未被回应，状态wrong，been_responsed_by为空。或者，如果Gen的条件是“在调查期间或者处罚后未满6个月”，则覆盖了GT_MEU_10_1和10_2，此时两个GT的MEU都被正确回应。但根据用户提供的Gen_MEU_10_1的条件中的连接词是“以及”，可能表示“并且”，导致条件错误，因此GT_MEU_10_2未被回应，状态wrong，been_responsed_by为空。

因此，最终的评估结果应该是：

GT_MEU_10_1: been_responsed_by [""MEU_10_1""], state: wrong（条件错误）
GT_MEU_10_2: been_responsed_by [], state: wrong（未被回应）
GT_MEU_10_3: been_responsed_by [""MEU_10_2""], state: correct
GT_MEU_10_4: been_responsed_by [""MEU_10_3""], state: correct
GT_MEU_10_5: been_responsed_by [""MEU_10_4""], state: correct

但需要确认MEU_10_4的条件是否与GT_MEU_10_5的条件等价。原GT的条件是“存在中国证监会及本所规定的其他情形”，而Gen的条件是“存在中国证监会及本所规定的其他禁止减持情形”。这里的“其他情形”是否特指“禁止减持情形”？如果是，则Gen的条件更明确，但与原条件等价。因此，状态correct。

综上，最终的评估字典如下：
","CompletionUsage(completion_tokens=3640, prompt_tokens=3320, total_tokens=6960, completion_tokens_details=CompletionTokensDetails(accepted_prediction_tokens=None, audio_tokens=None, reasoning_tokens=3359, rejected_prediction_tokens=None), prompt_tokens_details=PromptTokensDetails(audio_tokens=None, cached_tokens=0))"
11,"

<EVALUATE>
{
  ""GT_MEU_11_1"": {
    ""been_responsed_by"": [""Gen_MEU_11_1""],
    ""state"": ""correct"",
    ""comment"": ""Gen_MEU_11_1完整覆盖了立案调查期间的条件，约束内容一致""
  },
  ""GT_MEU_11_2"": {
    ""been_responsed_by"": [""Gen_MEU_11_1""],
    ""state"": ""correct"",
    ""comment"": ""Gen_MEU_11_1通过'或者'连接符完整覆盖了行政处罚后未满6个月的条件""
  },
  ""GT_MEU_11_3"": {
    ""been_responsed_by"": [""Gen_MEU_11_2""],
    ""state"": ""correct"",
    ""comment"": ""主体、条件和约束完全匹配""
  },
  ""GT_MEU_11_4"": {
    ""been_responsed_by"": [""Gen_MEU_11_3""],
    ""state"": ""correct"",
    ""comment"": ""条件中的'且在本所规定的限制减持期限内'与GT_MEU的'在本所规定的限制减持期限内'语义一致""
  },
  ""GT_MEU_11_5"": {
    ""been_responsed_by"": [""Gen_MEU_11_4""],
    ""state"": ""correct"",
    ""comment"": ""兜底条款的表述完全一致""
  }
}
</EVALUATE>","好的，我现在需要处理用户提供的法律MEU评估任务。首先，我需要仔细理解GT_MEU和Gen_MEU的内容，然后逐一比较它们之间的对应关系，判断每个GT_MEU是否被正确回应。

首先看GT_MEU部分，共有五个条目，从GT_MEU_11_1到GT_MEU_11_5。每个MEU的主体都是“上市公司控股股东 | 实际控制人”，条件各不相同，但约束都是“不得减持其所持有的本公司股份”。接下来是Gen_MEU，共有四个条目，MEU_11_1到MEU_11_4。

开始逐个分析每个GT_MEU：

1. **GT_MEU_11_1**：条件是“上市公司因涉嫌证券期货违法犯罪，在被中国证监会及其派出机构立案调查或者被司法机关立案侦查期间”。对应的Gen_MEU是MEU_11_1，其条件将GT_MEU_11_1和GT_MEU_11_2的条件合并了，用“或者”连接。根据规则，如果Gen_MEU的条件覆盖了GT的条件，并且逻辑上是“或”的关系，那么可能正确。但这里Gen_MEU_11_1合并了两个不同的条件，可能同时回应了GT_MEU_11_1和11_2。但需要看是否语义一致。GT_MEU_11_1的条件是“期间”，而Gen_MEU_11_1的条件包括期间和之后未满6个月，所以MEU_11_1可能同时回应了GT_MEU_11_1和11_2，但需要检查是否拆分正确。根据规则，如果合并后的条件覆盖了原条件，并且逻辑正确，那么可能正确。但这里Gen_MEU_11_1的条件合并了两种情况，可能正确回应了GT_MEU_11_1和11_2，但需要看是否每个GT都被覆盖。例如，GT_MEU_11_1的条件是立案期间，而Gen_MEU_11_1的条件包括期间和之后未满6个月，所以GT_MEU_11_1的条件被包含在Gen_MEU_11_1的条件中。因此，GT_MEU_11_1的回应是MEU_11_1，但需要判断是否语义正确。因为Gen_MEU_11_1的条件将两个不同的时间段合并，可能导致约束条件在更广泛的情况下适用，这可能改变了原意。例如，原GT_MEU_11_1仅适用于调查期间，而Gen_MEU_11_1将适用期延长到调查期间和之后的6个月，这可能不符合原意。因此，这可能属于错误回应，因为Gen_MEU的条件比GT更广泛，导致约束更严格，但根据用户提供的案例，比如案例1中的GT_MEU_9_2被错误回应，因为遗漏了条件部分。所以这里Gen_MEU_11_1的条件是否正确回应了GT_MEU_11_1？可能需要更仔细分析。原GT_MEU_11_1的条件是“在调查期间”，而Gen_MEU_11_1的条件是“在调查期间或者在处罚后未满6个月”，这实际上将两个不同的条件合并，导致Gen_MEU的条件覆盖了GT_MEU_11_1和11_2的情况。因此，GT_MEU_11_1的回应是MEU_11_1，但Gen_MEU的条件是否与原条件等价？根据规则，如果合并后的条件与原条件在逻辑上是“或”的关系，并且覆盖了原条件，那么可能正确。但原GT_MEU_11_1和11_2是两个独立的条件，而Gen_MEU将它们合并为一个条件，这可能改变了逻辑结构。例如，原GT_MEU_11_1的条件是调查期间，而GT_MEU_11_2的条件是处罚后未满6个月，这两个是不同的时间段。合并后，Gen_MEU_11_1的条件覆盖了这两个情况，因此可能正确回应了这两个GT_MEU。但根据用户提供的规则，如果拆分方式不同，但并集等价，则视为正确。因此，如果Gen_MEU_11_1的条件是GT_MEU_11_1和11_2的并集，那么这两个GT_MEU可能都被正确回应。但这里用户需要评估每个GT_MEU是否被正确回应，所以GT_MEU_11_1的回应是MEU_11_1，但MEU_11_1的条件是否包含了GT_MEU_11_1的条件？是的，所以状态可能为correct。但需要看是否约束正确。约束都是“不得减持”，所以正确。因此，GT_MEU_11_1的state是correct，由MEU_11_1回应。

2. **GT_MEU_11_2**：条件是“行政处罚决定、刑事判决作出之后未满6个月”。同样，Gen_MEU_11_1的条件包含了这个情况，所以GT_MEU_11_2的回应是MEU_11_1。但原GT_MEU_11_2的条件是否被正确表达？Gen_MEU_11_1的条件将两个时间段合并，所以是否覆盖了原条件？是的，所以GT_MEU_11_2的回应是MEU_11_1，但需要判断是否正确。原GT_MEU_11_2的条件是“在行政处罚决定、刑事判决作出之后未满6个月”，而Gen_MEU_11_1的条件是“在调查期间或者在处罚后未满6个月”，所以正确覆盖。因此，state应为correct，但根据用户提供的案例，当Gen_MEU合并了多个条件时，是否视为正确回应？例如，案例1中的GT_MEU_9_2被错误回应，因为遗漏了部分条件。但在这个案例中，Gen_MEU_11_1的条件是否遗漏了原条件中的某些部分？原GT_MEU_11_2的条件是“上市公司因涉嫌证券期货违法犯罪被中国证监会及其派出机构立案调查或者被司法机关立案侦查，在行政处罚决定、刑事判决作出之后未满6个月的”，而Gen_MEU_11_1的条件是“上市公司因涉嫌证券期货违法犯罪，在被中国证监会及其派出机构立案调查或者被司法机关立案侦查期间，或者在行政处罚决定、刑事判决作出之后未满6个月”。这里，Gen的条件是否正确？原GT_MEU_11_2的条件中的“上市公司因涉嫌证券期货违法犯罪被立案调查或侦查”是前提，而处罚后的时间。Gen的条件中的“在调查期间或者处罚后未满6个月”是否正确？是的，所以GT_MEU_11_2的条件被正确包含在Gen_MEU_11_1中。因此，GT_MEU_11_2的回应是MEU_11_1，状态为correct。

但用户提供的示例中，当Gen_MEU合并了多个条件时，是否会导致错误？比如，如果原GT_MEU_11_1和11_2是两个独立的条件，而Gen将它们合并为一个，那么是否会影响每个GT的独立评估？根据任务说明，每个GT_MEU需要单独评估是否被正确回应。因此，如果Gen_MEU_11_1回应了GT_MEU_11_1和11_2，那么每个GT_MEU的been_responsed_by应该包含MEU_11_1，并且判断是否正确。例如，GT_MEU_11_1的条件是调查期间，而Gen_MEU_11_1的条件包括调查期间和处罚后，所以对于GT_MEU_11_1来说，Gen的条件是否正确？是的，因为原条件被包含，所以正确。同样，GT_MEU_11_2的条件是处罚后未满6个月，而Gen的条件也包含这一点，所以正确。因此，这两个GT_MEU都被正确回应，由MEU_11_1回应。

3. **GT_MEU_11_3**：条件是“上市公司被本所公开谴责未满3个月”。对应的Gen_MEU_11_2的条件完全相同，因此被正确回应，状态为correct。

4. **GT_MEU_11_4**：条件是“市公司股票因可能触及重大违法强制退市情形，而被本所实施退市风险警示，在本所规定的限制减持期限内的”。对应的Gen_MEU_11_3的条件是“上市公司股票因可能触及重大违法强制退市情形，而被本所实施退市风险警示，且在本所规定的限制减持期限内”。这里，GT的条件中的“市公司”可能是笔误，应该是“上市公司”。Gen的条件正确，所以回应正确，状态为correct。

5. **GT_MEU_11_5**：条件是“存在中国证监会及本所规定的其他情形”。对应的Gen_MEU_11_4的条件相同，因此正确回应，状态为correct。

现在检查是否所有GT_MEU都被回应：

- GT_MEU_11_1和11_2都被MEU_11_1回应。
- GT_MEU_11_3被MEU_11_2回应。
- GT_MEU_11_4被MEU_11_3回应。
- GT_MEU_11_5被MEU_11_4回应。

所有GT_MEU都有对应的Gen_MEU回应，且条件、约束一致。因此，每个GT_MEU的状态都应为correct。但需要检查是否有其他问题，例如contextual_info是否正确，或者是否有遗漏。

例如，GT_MEU_11_1的约束是“不得减持”，而Gen_MEU_11_1的约束相同，正确。其他条件也正确。因此，所有GT_MEU的状态都应为correct，且被正确回应。
","CompletionUsage(completion_tokens=2432, prompt_tokens=3333, total_tokens=5765, completion_tokens_details=CompletionTokensDetails(accepted_prediction_tokens=None, audio_tokens=None, reasoning_tokens=2111, rejected_prediction_tokens=None), prompt_tokens_details=PromptTokensDetails(audio_tokens=None, cached_tokens=0))"
