law_article_num,law_article,response,reasoning_content,api_usage
1,第一条 为规范北京证券交易所（以下简称本所）上市公司股东及董事、监事、高级管理人员（以下简称董监高）持股管理和减持股份的行为，维护市场秩序，保护投资者合法权益，根据《上市公司股东减持股份管理暂行办法》《北京证券交易所上市公司持续监管办法（试行）》《上市公司董事、监事和高级管理人员所持本公司股份及其变动管理规则》《北京证券交易所股票上市规则（试行）》（以下简称《上市规则》）等规定，制定本指引。,"

<RELATIONS>
[
]
</RELATIONS>","好的，我需要分析给定的MEU列表，识别是否存在“or”关系。根据法律原文第一条，这里只有一个MEU_1_1，它属于法条1的第一个MEU。MEU之间要有“or”关系需要至少两个MEU存在，并且它们的条件或约束之间存在业务逻辑上的替代关系。但当前列表里只有一个MEU，不存在其他MEU与之形成“or”关系。因此，应该返回空列表。
","CompletionUsage(completion_tokens=104, prompt_tokens=1493, total_tokens=1597, completion_tokens_details=CompletionTokensDetails(accepted_prediction_tokens=None, audio_tokens=None, reasoning_tokens=93, rejected_prediction_tokens=None), prompt_tokens_details=PromptTokensDetails(audio_tokens=None, cached_tokens=0))"
5,第五条 上市公司大股东、董监高应当在股份减持计划实施完毕或者披露的减持时间区间届满后，及时向本所报告并披露减持结果公告。 减持结果公告内容主要包括已减持数量、比例、是否与已披露的减持计划一致等。 在减持时间区间内，上市公司发生高送转、并购重组等重大事项的，本指引第四条涉及的大股东、董监高应当同步披露减持进展情况，并说明本次减持与前述重大事项的关联性。,"

<RELATIONS>
[
(""MEU_5_1"", ""or"", ""MEU_5_2"")
]
</RELATIONS>","好的，我现在需要分析提供的MEU列表，找出其中是否存在“or”关系。根据用户给的例子和说明，关键是要确定哪些MEU在业务逻辑上需要满足其中一个即可，而不需要同时满足。

首先看看MEU_5_1和MEU_5_2。它们的条件分别是“股份减持计划实施完毕”和“披露的减持时间区间届满”，而约束都是需要及时报告和披露减持结果。根据法律原文中的“或者”，这两个情况是选择性的，只要其中一个满足就需要披露。但根据业务逻辑，减持结果只需要报告一次，不管是因为计划完成还是时间届满。因此，这两个MEU应该形成or关系，因为只要其中一个不违规，另一个也不会导致整个法条违规。所以MEU_5_1和MEU_5_2之间有or关系。

接下来看MEU_5_3、MEU_5_4和MEU_5_5。它们的条件都是“股份减持计划实施完毕或者披露的减持时间区间届满”，而约束分别是包含数量、比例和一致性说明。这些MEU描述的是减持结果公告必须包含的不同内容。根据业务逻辑，公告必须同时包含所有要求的内容，缺少任何一个都会导致违规。因此，这些MEU之间是默认的and关系，没有or的必要。

MEU_5_6和MEU_5_7的条件相同，都是减持期间发生重大事项，约束分别是同步披露进展和说明关联性。这两个约束需要同时满足，所以它们之间是and关系，不是or。

其他MEU之间没有明显的条件重叠或业务逻辑上的选择性关系。因此，只有MEU_5_1和MEU_5_2之间存在or关系。需要检查是否还有其他可能的组合，但根据分析，其他MEU之间没有or关系。
","CompletionUsage(completion_tokens=403, prompt_tokens=1827, total_tokens=2230, completion_tokens_details=CompletionTokensDetails(accepted_prediction_tokens=None, audio_tokens=None, reasoning_tokens=373, rejected_prediction_tokens=None), prompt_tokens_details=PromptTokensDetails(audio_tokens=None, cached_tokens=0))"
3,第三条 上市公司控股股东、实际控制人和持有5%以上股份的股东（以下统称大股东）、董监高减持股份应当规范、理性、有序，充分关注上市公司及其中小股东的利益。 上市公司应当及时了解股东减持本公司股份的情况，主动做好规则提示。上市公司董事会秘书应当每季度检查大股东减持本公司股份的情况，发现违法违规的应当及时向中国证监会、本所报告。,"

<RELATIONS>
[
]
</RELATIONS>","好的，我现在需要分析给定的MEU列表，看看是否存在or关系。首先，我要仔细理解每个MEU的内容以及它们在法律原文中的上下文。

首先看法律原文第三条，分为几个部分：
1. 大股东、董监高减持股份需要规范、理性、有序，关注中小股东利益。
2. 上市公司需要及时了解减持情况并提示规则。
3. 董事会秘书每季度检查减持情况。
4. 董事会秘书发现违规需及时报告。

对应的MEU列表有四个：
MEU_3_1：针对大股东和董监高减持时的行为规范。
MEU_3_2：上市公司需了解减持情况和提示规则。
MEU_3_3：董事会秘书每季度检查减持情况。
MEU_3_4：董事会秘书发现违规时报告。

接下来，我需要检查这些MEU之间是否存在or关系。根据之前的例子，or关系通常出现在同一法条下的不同条件，当满足其中一个条件时，其他条件可能不再需要满足，以避免重复约束。

MEU_3_1到MEU_3_4的主体各不相同：大股东/董监高、上市公司、董事会秘书。他们的责任是独立的，每个MEU处理不同的责任主体和条件。例如，MEU_3_1是关于减持行为的规范，而MEU_3_2是上市公司的责任，MEU_3_3和3_4是董事会秘书的职责。这些责任是并行的，没有替代关系，因此它们之间应该是默认的and关系，即必须全部满足，没有or的必要。

检查是否有同一主体下的不同条件可能构成or的情况。例如，MEU_3_3和3_4都是董事会秘书的责任，但条件不同：一个是每季度检查，另一个是发现违规时报告。这两个条件是不同的义务，必须同时履行，因此没有or关系。

另外，MEU_3_3的条件是“每季度”，而约束是检查减持情况；MEU_3_4的条件是“发现违法违规”，约束是报告。两者是不同时间点的责任，不存在替代性，因此不需要or。

综上所述，这四个MEU各自处理不同的责任主体和条件，彼此之间没有业务逻辑上的替代关系，因此不存在or关系。应该返回空列表。
","CompletionUsage(completion_tokens=480, prompt_tokens=1569, total_tokens=2049, completion_tokens_details=CompletionTokensDetails(accepted_prediction_tokens=None, audio_tokens=None, reasoning_tokens=469, rejected_prediction_tokens=None), prompt_tokens_details=PromptTokensDetails(audio_tokens=None, cached_tokens=0))"
2,第二条 上市公司股东及董监高减持其持有的本公司股份，应当遵守法律法规、部门规章、本所业务规则及本指引的相关规定。 前述主体对持股比例、持股数量、持股期限、减持方式、减持比例、减持价格等做出公开承诺的，应当严格履行所做出的承诺。 上市公司股东、实际控制人、董监高不得通过任何方式或者安排规避本指引的规定。,"

<RELATIONS>
[
]
</RELATIONS>","好的，我现在需要分析给定的MEU列表，找出其中是否存在“or”关系。首先，我要理解每个MEU的内容以及它们之间的关系。

首先看法律原文第二条，它分为三个部分，对应三个MEU：

1. MEU_2_1：主体是上市公司股东或董监高，条件是他们减持持有的股份，约束是必须遵守相关规定。
2. MEU_2_2：主体同样是股东或董监高，条件是他们做出公开承诺（关于持股比例等），约束是必须严格履行承诺。
3. MEU_2_3：主体包括股东、实际控制人、董监高，没有具体条件，约束是不得规避本指引的规定。

接下来，我需要确定这些MEU之间是否存在“or”关系。根据用户提供的指南，“or”关系的含义是，只要其中一个MEU不违规，另一个也不违规。也就是说，这两个MEU在判定违规时是互斥的，满足任何一个即可视为整体合规。

首先分析MEU_2_1和MEU_2_2。它们的约束不同，一个是遵守规定，另一个是履行承诺。这两个约束是针对不同的条件，减持股份和做出承诺。业务逻辑上，这两个情况是独立的：减持时要遵守规定，做出承诺后要履行。因此，违反其中一个并不会影响另一个，所以它们之间是默认的“and”关系，需要同时满足才会整体合规，不存在“or”关系。

接下来是MEU_2_3，约束是不得规避规定，主体包括实际控制人。这里没有条件，意味着无论什么情况下，主体都不得规避指引。这可能是一个独立的约束，与其他MEU无关。例如，即使股东遵守了减持规定（MEU_2_1合规），如果他们通过某种安排规避指引，仍然违反MEU_2_3。因此，MEU_2_3与其他两个MEU是“and”关系，必须同时满足，不存在“or”。

再检查是否存在同一法条下的其他可能。例如，用户提供的例子中，当两个条件满足其一就需要执行同一约束时，可能形成“or”。但在当前MEU中，每个MEU的约束不同，且条件不同，因此不适用这种情况。

最后，根据奥卡姆剃刀原则，如果没有明显必要，不应添加关系。因此，这三个MEU之间不存在需要标记的“or”关系，应返回空列表。
","CompletionUsage(completion_tokens=504, prompt_tokens=1558, total_tokens=2062, completion_tokens_details=CompletionTokensDetails(accepted_prediction_tokens=None, audio_tokens=None, reasoning_tokens=493, rejected_prediction_tokens=None), prompt_tokens_details=PromptTokensDetails(audio_tokens=None, cached_tokens=0))"
4,第四条 上市公司大股东、董监高计划通过本所集中竞价或大宗交易减持股份的，应当及时通知公司，并在首次卖出的15个交易日前向本所报告并预先披露减持计划。减持计划内容应包括： （一）减持股份来源、数量、比例，减持时间区间、方式、价格区间及原因等安排； （二）相关主体已披露的公开承诺情况，本次减持事项是否与承诺内容一致，以及是否存在违反承诺情形； （三）相关主体是否存在本所《上市规则》及本指引规定的不得减持情形； （四）减持计划实施的不确定性风险； （五）中国证监会、本所要求披露，或相关主体认为其他应当说明的事项。 每次披露的减持计划中减持时间区间不得超过3个月。拟在3个月内通过集中竞价交易减持股份的总数超过公司股份总数1%的，还应当在首次卖出的30个交易日前预先披露减持计划。 控股股东、实际控制人减持股份的，减持计划除应披露前款内容外，还应当说明是否符合本指引第十二条规定，以及上市公司是否存在其他重大负面事项或重大风险；减持股份属于公开发行并上市前持有的，减持计划还应当明确未来12个月上市公司的控制权安排，保证公司持续稳定经营。,"

<RELATIONS>
[
]
</RELATIONS>","好的，我需要分析给定的MEU列表，找出它们之间的“or”关系。首先，我仔细阅读法律原文和各个MEU的拆分情况。

法律第四条主要涉及上市公司大股东、董监高以及控股股东、实际控制人在减持股份时需要遵守的披露要求。MEU列表中的各个单元拆分自不同的条款部分。

首先看MEU_4_1到MEU_4_6，它们的Subject都是“上市公司大股东 | 董监高”，Condition都是“计划通过本所集中竞价或大宗交易减持股份”，但Constraint不同。这些MEU对应的减持计划需要包含的内容，如来源、数量、承诺情况等。根据法律原文，这些内容是并列的，即减持计划必须包含所有列出的内容。因此，这些MEU之间是默认的“and”关系，必须全部满足，不能存在“or”关系。

接下来是MEU_4_7和MEU_4_8。MEU_4_7规定减持时间区间不得超过3个月，MEU_4_8针对减持超过1%的情况需要提前30天披露。这两个条件针对不同情况，属于独立的约束，没有“or”关系。

MEU_4_9和MEU_4_10是针对控股股东和实际控制人的。MEU_4_9要求说明是否符合指引第十二条和是否存在重大风险，而MEU_4_10在减持属于上市前持有的情况下需明确控制权安排。这两个条件是不同的附加要求，应该同时满足，因此也没有“or”关系。

特别关注是否存在需要“or”的情况。例如，在MEU_4_6的Constraint中提到“中国证监会、本所要求披露，或相关主体认为其他应当说明的事项”，这里的“或”可能意味着两种情况满足其一即可。但拆分后的MEU_4_6作为一个整体，其Constraint包含这两种情况，因此当减持计划中包含其中任一情况时，该MEU就会被满足。但其他MEU如MEU_4_2到MEU_4_5都是必须包含的内容，因此MEU_4_6与其他MEU之间不形成“or”关系，而是需要同时满足所有MEU的条件。

最后，检查是否有其他可能的“or”关系。例如，减持方式（集中竞价或大宗交易）在Condition中作为“或”出现，但已被拆分为同一Condition下的不同情况，属于同一MEU的条件，因此不需要与其他MEU建立“or”关系。

综上所述，这些MEU之间不存在需要建立“or”关系的情况，所有约束都是必须同时满足的。因此，最终输出的关系列表为空。
","CompletionUsage(completion_tokens=555, prompt_tokens=2244, total_tokens=2799, completion_tokens_details=CompletionTokensDetails(accepted_prediction_tokens=None, audio_tokens=None, reasoning_tokens=544, rejected_prediction_tokens=None), prompt_tokens_details=PromptTokensDetails(audio_tokens=None, cached_tokens=0))"
8,第八条 上市公司大股东同时持有适用减持预披露股份和不适用减持预披露股份的，相关主体减持股份，视为优先减持不适用预披露股份。,"

<RELATIONS>
[
]
</RELATIONS>","好的，我现在需要分析给定的法律原文和对应的MEU列表，看看是否存在需要建立“or”关系的MEU。首先，法律原文是第八条，内容讲的是当上市公司大股东同时持有适用和不适用减持预披露的股份时，减持时应视为优先减持不适用预披露的股份。

接下来看MEU列表，里面只有一个MEU，即MEU_8_1。它的主体是上市公司大股东，条件是同时持有两种股份并减持，约束是视为优先减持不适用预披露的股份。这里只有单独一个MEU，所以不存在其他MEU与之形成“or”关系的可能。根据任务要求，只有当多个MEU之间存在逻辑上的“或”关系时才需要建立关联，而这里没有其他MEU，因此应该返回空列表。需要确认是否可能漏掉了其他MEU的拆分，但根据提供的MEU列表，确实只有一个。所以最终结果应该是一个空的relations列表。
","CompletionUsage(completion_tokens=206, prompt_tokens=1386, total_tokens=1592, completion_tokens_details=CompletionTokensDetails(accepted_prediction_tokens=None, audio_tokens=None, reasoning_tokens=195, rejected_prediction_tokens=None), prompt_tokens_details=PromptTokensDetails(audio_tokens=None, cached_tokens=0))"
6,第六条 上市公司大股东、董监高计划通过本所协议转让减持股份的，应当及时通知公司，并按照本所关于协议转让的有关要求办理。,"

<RELATIONS>
[
]
</RELATIONS>","好的，我现在需要分析给定的MEU列表，找出是否存在“or”关系。首先，法律原文是第六条，关于上市公司大股东和董监高通过协议转让减持股份时需要履行的义务。MEU列表中有两个MEU：MEU_6_1和MEU_6_2。

MEU_6_1的责任主体是上市公司大股东或董监高，触发条件是计划通过本所协议转让减持股份，约束是及时通知公司。MEU_6_2的主体和条件相同，约束则是按照本所关于协议转让的要求办理。

根据“or”关系的定义，当两个MEU只要其中一个不被违反，另一个也不被违反时，它们之间存在“or”关系。但在这里，这两个MEU的约束是不同的。当主体触发条件时，必须同时满足两个约束：及时通知公司和按照要求办理。如果只满足其中一个而不满足另一个，整个法条还是会被视为违规。因此，这两个MEU之间是“and”关系，而不是“or”关系。没有需要建立“or”关系的必要，所以应该返回空列表。
","CompletionUsage(completion_tokens=239, prompt_tokens=1435, total_tokens=1674, completion_tokens_details=CompletionTokensDetails(accepted_prediction_tokens=None, audio_tokens=None, reasoning_tokens=228, rejected_prediction_tokens=None), prompt_tokens_details=PromptTokensDetails(audio_tokens=None, cached_tokens=0))"
7,第七条 上市公司大股东减持其通过本所和全国中小企业股份转让系统的竞价或做市交易买入的本公司股份，只适用本指引第二条、第三条、第十条、第十一条、第二十三条、第二十七条的规定。 上市公司大股东减持其参与向不特定合格投资者公开发行并上市、上市公司向不特定对象或者特定对象公开发行而取得的上市公司股份，只适用本指引第二条、第三条、第十至十二条、第二十三条、第二十七条的规定。,"

<RELATIONS>
[
(""MEU_7_1"", ""or"", ""MEU_7_2"")
]
</RELATIONS>","好的，我需要分析给定的MEU列表，识别是否存在or关系。首先，法律原文第七条分为两部分，分别对应MEU_7_1和MEU_7_2。

MEU_7_1的条件是减持通过竞价或做市交易买入的股份，适用某些条款。MEU_7_2的条件是减持通过公开发行取得的股份，适用另外一些条款，包括第十至十二条。这里的约束条件有所不同，前者包括第十、十一条，后者包括第十至十二条。

根据业务逻辑，当大股东减持不同来源的股份时，需要分别适用不同的条款。因此，如果某次减持行为属于MEU_7_1的情况，只需要遵守对应的条款，而不需要考虑MEU_7_2的约束，反之亦然。这说明两者之间是独立的选择关系，即只要满足其中一个MEU的条件，另一个可能不适用，但并不是说两者需要同时满足或其中一个满足即可豁免另一个。但根据用户提供的例子，当两个MEU的约束条件不同，但触发条件不同时，可能存在or关系，因为满足任一MEU的条件时只需遵守各自的约束，而不会同时触发两个MEU的检查。因此，如果减持行为属于MEU_7_1的条件，则MEU_7_2的条件不会被触发，反之亦然。这种情况下，两个MEU之间可能存在or关系，因为只要符合其中一个的条件，另一个就不会被应用，从而在合规性判断时，只需要满足其中一个即可，不需要同时满足两者的约束。因此，这两个MEU应被标记为or关系。
","CompletionUsage(completion_tokens=350, prompt_tokens=1544, total_tokens=1894, completion_tokens_details=CompletionTokensDetails(accepted_prediction_tokens=None, audio_tokens=None, reasoning_tokens=320, rejected_prediction_tokens=None), prompt_tokens_details=PromptTokensDetails(audio_tokens=None, cached_tokens=0))"
9,第九条 公司上市时未盈利的，在实现盈利前，控股股东、实际控制人、董监高自公司股票上市之日起2个完整会计年度内，不得减持公开发行并上市前股份；公司实现盈利后，可以自当年年度报告披露后次日起减持公开发行并上市前股份，但应遵守《上市规则》及本指引相关规定。 董监高在前款规定期间内离职的，应当继续遵守前款规定。,"

<RELATIONS>
[
]
</RELATIONS>","好的，我现在需要分析给定的MEU列表，找出其中是否存在or关系。首先，我需要理解每个MEU的内容以及它们在法律原文中的上下文。

法律原文是第九条，主要涉及公司上市时未盈利的情况下，控股股东、实际控制人、董监高的股份减持限制。当公司实现盈利后，这些主体可以减持，但需要遵守相关规定。另外，如果董监高在规定的两年内离职，仍需遵守减持限制。

MEU列表中有三个MEU：

MEU_9_1：针对控股股东、实际控制人、董监高，在公司未盈利且处于盈利前阶段时，上市起两年内不得减持。
MEU_9_2：同样的主体在公司盈利后，可以在年报披露次日减持，但要遵守其他规定。
MEU_9_3：董监高在两年内离职的，仍需遵守之前的减持限制。

现在要确定这些MEU之间是否存在or关系。根据用户提供的指南，or关系意味着只要其中一个MEU不违规，整个组就不违规。默认情况下，MEU之间是and关系，即所有都必须不违规。

分析每个MEU的情况：

MEU_9_1和MEU_9_2的条件是互斥的。公司要么处于未盈利阶段（MEU_9_1适用），要么已经盈利（MEU_9_2适用）。因此，这两个MEU不会同时适用。如果一个案例属于盈利后的情况，那么MEU_9_1不适用，而MEU_9_2适用。此时，默认的and关系可能导致问题吗？比如，当公司盈利后，原股东减持是否需要同时满足MEU_9_1和MEU_9_2？显然不是，因为MEU_9_1的条件已经不再满足。所以这两个MEU实际上是条件分叉，属于不同的情况，不会同时触发。这种情况下，它们之间可能不需要or关系，因为它们本身已经通过条件互斥了。

MEU_9_3针对的是董监高离职的情况，即使离职仍需遵守MEU_9_1的限制。因此，MEU_9_3的约束是补充性的，当董监高离职时，他们仍然受到MEU_9_1的约束。因此，MEU_9_3和MEU_9_1之间可能存在关联，但这里是否需要or关系呢？

根据用户提供的例子，当两个MEU的条件是同一事件的两种可能触发条件，并且满足其中一个即可，那么需要设置or。比如减持计划完成或时间区间届满，只需要满足其一就要执行披露，所以设置为or关系，否则默认的and会导致需要两次披露，而实际只需要一次。

回到当前案例：

MEU_9_1和MEU_9_2的条件是公司处于不同阶段，因此不会同时适用。所以它们之间不需要or关系，因为它们属于不同的情况，默认的and关系不会导致错误判断，因为当公司盈利后，MEU_9_1的条件已经不满足，所以只需遵守MEU_9_2的约束。

MEU_9_3的条件是董监高在两年内离职，此时他们仍需遵守MEU_9_1的约束。所以，当董监高离职时，他们需要继续遵守减持限制。这里MEU_9_3和MEU_9_1是否有or关系？假设如果董监高未离职，就适用MEU_9_1；如果离职，则适用MEU_9_3。但MEU_9_3的约束是继续遵守前款，即MEU_9_1的限制。因此，无论是否离职，董监高在两年内都不得减持。MEU_9_3的存在是确保即使离职，仍然受限制。因此，这两个MEU实际上是针对同一主体的不同情况（在职或离职），但约束相同。这时候是否需要or关系？如果两者是同时存在的，比如离职后的董监高需要同时满足MEU_9_1和MEU_9_3，则可能有问题。但根据法律原文，离职的董监高继续遵守前款规定，即MEU_9_1的约束。因此，MEU_9_3实际上是扩展了MEU_9_1的适用情况，即无论是否离职，都适用。所以，可能这两个MEU之间并不需要or关系，而是MEU_9_3补充了MEU_9_1的情况，但约束是相同的。

综上，这三个MEU之间不存在需要建立or关系的情况。因为它们分别处理不同的触发条件或主体状态，不存在需要其中一个满足即可的情况。因此，最终结果应返回空列表。
","CompletionUsage(completion_tokens=975, prompt_tokens=1590, total_tokens=2565, completion_tokens_details=CompletionTokensDetails(accepted_prediction_tokens=None, audio_tokens=None, reasoning_tokens=964, rejected_prediction_tokens=None), prompt_tokens_details=PromptTokensDetails(audio_tokens=None, cached_tokens=0))"
10,第十条 具有下列情形之一的，上市公司大股东不得减持其所持有的本公司股份： （一）该大股东因涉嫌与本上市公司有关的证券期货违法犯罪，在被中国证监会及其派出机构立案调查或者被司法机关立案侦查期间，以及在行政处罚决定、刑事判决作出之后未满6个月的； （二）该大股东因涉及与本上市公司有关的违法违规，被本所公开谴责未满3个月的； （三）该大股东因涉及证券期货违法，被中国证监会行政处罚，罚没款尚未足额缴纳的，但法律、行政法规另有规定或者减持资金用于缴纳罚没款的除外； （四）中国证监会及本所规定的其他情形。,"

<RELATIONS>
[
(""MEU_10_1"", ""or"", ""MEU_10_2""),
(""MEU_10_1"", ""or"", ""MEU_10_3""),
(""MEU_10_1"", ""or"", ""MEU_10_4""),
(""MEU_10_1"", ""or"", ""MEU_10_5""),
(""MEU_10_2"", ""or"", ""MEU_10_3""),
(""MEU_10_2"", ""or"", ""MEU_10_4""),
(""MEU_10_2"", ""or"", ""MEU_10_5""),
(""MEU_10_3"", ""or"", ""MEU_10_4""),
(""MEU_10_3"", ""or"", ""MEU_10_5""),
(""MEU_10_4"", ""or"", ""MEU_10_5"")
]
</RELATIONS>","好的，我需要分析给定的MEU列表，识别它们之间是否存在“or”关系。首先，我要理解每个MEU的内容以及它们在法律原文中的结构。

法律原文第十条列出了四种情形，当上市公司大股东出现其中任何一种情况时，都不得减持股份。MEU_10_1到MEU_10_4分别对应这四种情形，而MEU_10_5是兜底条款，涵盖其他可能的情形。

根据任务说明，MEU之间的默认关系是“and”，即所有MEU都满足才会判定不违规。但如果存在“or”关系，只要其中一个不违规，整个组就不违规。但在这个案例中，法律原文的结构是“具有下列情形之一的”，这意味着任何情形之一都会触发约束，即各MEU之间实际是“or”关系，因为只要满足任何一个MEU的条件，大股东就不得减持。然而，根据用户提供的例子和注意事项，MEU之间的“or”关系需要从业务逻辑出发，判断是否只需要满足其中一个即可免除整个法条的违规。

例如，在用户给的例子中，两个MEU的条件是两种不同的情况，但披露只需要一次，所以用“or”关系。而这里的情况是，每个MEU代表一个独立的禁止减持的情形。如果大股东处于任何一种情形下，都不得减持。因此，根据默认的“and”逻辑，所有MEU都需要不违规，法条才不违规。但根据法律原文，只要有一个MEU违规（即满足任一情形），法条就会被触发，因此MEU之间应存在“or”关系吗？

这里可能存在混淆。实际上，法条的结构是，只要满足任何一个情形，主体就被禁止减持。因此，当判断违规时，任一MEU的条件被触发，就会导致违规。然而，在MEU的合规性判断中，如果案例中的主体符合某个MEU的主体和条件，并且违反了约束，则该MEU违规。此时，如果MEU之间是“or”关系，那么只要其中一个MEU不违规，整个法条就不违规。但根据法条原文的逻辑，任何一个情形的存在都会导致禁止减持，所以正确的逻辑应该是，各MEU之间是“or”关系，因为只要有一个MEU的条件满足，就会触发约束，导致法条违规。但根据MEU的默认“and”关系，只有当所有MEU都不违规时，法条才不违规。这显然与法律原文的意图相反。因此，需要将这四个MEU（MEU_10_1到MEU_10_5）之间建立“or”关系，以反映只要其中一个条件满足，就触发禁止减持，从而整个法条违规。

但是根据用户提供的指南，MEU之间的“or”关系意味着只要其中一个不违规，整个组就不违规。但在此案例中，每个MEU的条件都是独立的禁止减持的情形，因此，当任何一个MEU的条件被满足时，就会导致法条违规。而如果MEU之间是“or”关系，那么当其中一个MEU不违规时，整个法条不违规，这不符合法律原文的意图。因此，这里可能存在误解。

或许正确的处理方式是，根据法条的原文结构，各个情形之间是“or”的关系，即只要满足任一情形，就触发禁止减持。但是根据MEU的默认处理逻辑（所有MEU都必须不违规，法条才不违规），这会导致即使有一个MEU违规，法条就会违规。因此，这里的MEU之间不需要建立“or”关系，因为它们本身就是并列的禁止条件，每个MEU的条件独立导致违规。因此，如果案例满足任何一个MEU的条件，该MEU就会违规，从而法条整体违规，而其他MEU是否违规不影响这一点。因此，MEU之间不需要建立“or”关系，因为默认情况下，每个MEU的违规都会导致法条违规，无需进一步调整。

但用户给出的例子中，当两个MEU的条件可能导致多次披露时，使用“or”关系来避免重复要求。而在此案例中，每个情形都是独立的禁止条件，所以每个MEU的违规都会单独导致法条违规，不需要其他MEU的配合。因此，此时各个MEU之间应该保持默认的“and”关系，但法条的整体逻辑是“or”。这可能意味着用户指南中的逻辑需要进一步澄清。

或许在这种情况下，MEU之间不需要建立“or”关系，因为它们各自独立导致法条违规。因此，返回空列表是正确的。
","CompletionUsage(completion_tokens=1127, prompt_tokens=1734, total_tokens=2861, completion_tokens_details=CompletionTokensDetails(accepted_prediction_tokens=None, audio_tokens=None, reasoning_tokens=926, rejected_prediction_tokens=None), prompt_tokens_details=PromptTokensDetails(audio_tokens=None, cached_tokens=0))"
15,第十五条 上市公司可能触及本所《上市规则》第十章规定的重大违法强制退市情形的，自相关行政处罚事先告知书或者司法裁判作出之日起至下列任一情形发生前，公司控股股东、实际控制人以及董监高不得减持公司股份： （一）公司股票终止上市并摘牌； （二）公司收到相关行政处罚决定或者人民法院司法裁判生效，显示公司未触及重大违法强制退市情形。,"

<RELATIONS>
[
(""MEU_15_1"", ""or"", ""MEU_15_2"")
]
</RELATIONS>","好的，我需要分析这两个MEU之间的关系，看看是否存在or关系。首先，这两个MEU都属于法律第十五条，MEU_15_1和MEU_15_2。

看它们的条件部分，MEU_15_1的条件是自相关告知书或裁判作出之日起到股票终止上市并摘牌前，而MEU_15_2的条件是到公司收到决定或裁判生效显示未触及退市情形前。约束都是不得减持股份。根据法律原文，这里列出了两种任一情形发生前，控股股东等不得减持。也就是说，只要任一情形发生（终止上市或者显示未触及），减持禁令就会解除。因此，在判断违规时，只要其中一个条件满足，减持就不违规。因此这两个MEU之间是or关系，因为只要其中一个不违规，整个法条就不违规。例如，如果公司股票终止上市，那么即使还没收到显示未触及的决定，减持也不再被禁止，所以两个MEU之间是或的关系。
","CompletionUsage(completion_tokens=234, prompt_tokens=1571, total_tokens=1805, completion_tokens_details=CompletionTokensDetails(accepted_prediction_tokens=None, audio_tokens=None, reasoning_tokens=204, rejected_prediction_tokens=None), prompt_tokens_details=PromptTokensDetails(audio_tokens=None, cached_tokens=0))"
12,第十二条 上市公司控股股东、实际控制人及其一致行动人计划通过本所集中竞价交易或大宗交易减持其所持有的本公司股份的，在首次披露减持计划时，不得存在下列情形，但已经按照本指引第四条披露减持计划，或者中国证监会另有规定的除外： （一）最近20个交易日内，上市公司任一交易日股票收盘价低于其公开发行股票并上市的发行价格； （二）最近20个交易日内，上市公司任一交易日股票收盘价低于最近一个会计年度或者最近一期财务会计报告期末每股归属于上市公司股东的净资产； （三）上市公司最近一期经审计的财务报告的归属于上市公司股东的净利润为负。 第一款第一项仅适用于公开发行股票并上市时的控股股东、实际控制人，上市后不再具备相关主体身份的，也应遵守该项规定。上市公司在公开发行股票并上市时披露为无控股股东、实际控制人的，发行时持股百分之五以上的第一大股东及其一致行动人应遵守第一款第一项规定。 第一款第一项所称股票收盘价以公开发行股票并上市之日为基准向后复权计算。第一款第二项所称股票收盘价以最近一个会计年度或者最近一期财务会计报告资产负债表日为基准分别向后复权计算。,"

<RELATIONS>
[]
</RELATIONS>","好的，我需要分析给定的MEU列表，识别其中是否存在“or”关系。首先，我需要理解每个MEU的内容以及它们之间的逻辑关系。

法律原文第十二条涉及上市公司控股股东、实际控制人等减持股份时的禁止情形。MEU列表中有五个MEU，分别是MEU_12_1到MEU_12_5。根据拆分后的内容，前三个MEU（1、2、3）都是同一主体在相同条件下需要满足的不同约束，即不得存在三种不同情形中的任何一种。而MEU_12_4和MEU_12_5可能涉及不同主体的约束。

根据用户提供的例子和说明，当多个MEU属于同一法条下的不同禁止情形时，如果只要满足其中一个情形就导致违规，那么这些MEU之间是默认的“and”关系，即必须全部不违规才能判定法条不违规。但如果业务逻辑显示这些情形是只要有一个不违规就整体不违规，则需要用“or”关系。比如，在例子中，两种情况只需满足一次即可，所以用“or”。

现在看这三个MEU（1、2、3）的约束内容：分别对应三个不同的财务指标（收盘价低于发行价、低于净资产、净利润为负）。根据法律原文，当首次披露减持计划时，如果存在这三项中的任何一项，都不得减持。因此，在合规判断时，只要这三个条件中的任何一个存在，就会导致违规。因此，这三个MEU之间应该是“and”关系，因为必须同时不违反所有三个条件才能合法减持。如果其中任何一个被违反，就会触发违规。所以默认情况下，这三个MEU之间是“and”，不需要“or”关系。

接下来看MEU_12_4和MEU_12_5。MEU_12_4针对的是上市后不再具备相关身份的控股股东或实际控制人，仍然要遵守发行价限制。MEU_12_5则是针对公开发行时无控股股东的情况下，持股5%以上的股东及其一致行动人。这两者属于不同的主体情况，可能各自独立适用，因此它们之间也没有“or”关系。

此外，MEU_12_1和MEU_12_4可能有关联，但MEU_12_4是对特定主体的补充说明，而MEU_12_5也是独立的情况。所以，它们之间也不存在“or”关系。

根据用户提供的指导，只有当业务逻辑要求只要满足其中一个MEU不违规，就能使整个法条不违规时，才需要建立“or”关系。而在此案例中，三个禁止条件需要同时不存在，因此MEU之间是“and”，没有“or”的必要。因此，最终结果应该没有需要建立的“or”关系。
","CompletionUsage(completion_tokens=581, prompt_tokens=2046, total_tokens=2627, completion_tokens_details=CompletionTokensDetails(accepted_prediction_tokens=None, audio_tokens=None, reasoning_tokens=571, rejected_prediction_tokens=None), prompt_tokens_details=PromptTokensDetails(audio_tokens=None, cached_tokens=0))"
13,第十三条 上市公司大股东通过大宗交易或协议转让方式减持其所持有的本公司股份的，受让方在受让后6个月内，不得减持其所受让的股份。 大股东通过协议转让方式减持股份导致出让方不再具有大股东身份的，应当在减持后6个月内继续遵守本指引第四条规定。控股股东、实际控制人通过协议转让方式减持股份导致其不再具有控股股东、实际控制人身份的，还应当在减持后6个月内继续遵守本指引第十二条第一款第二、三项规定。,"

<RELATIONS>
[
]
</RELATIONS>","好的，我现在需要分析这三个MEU之间的关系，看看是否存在or关系。首先，先仔细阅读每个MEU的内容。

MEU_13_1的受让方在通过大宗交易或协议转让受让股份后，6个月内不得减持。这里的触发条件是受让股份，约束是6个月不减持。

MEU_13_2的大股东通过协议转让减持导致不再是大股东，需要在减持后6个月遵守指引四条规定。这个条件是关于大股东身份的变化，约束是遵守其他规定。

MEU_13_3的控股股东或实际控制人通过协议转让减持导致身份变化，需要遵守第十二条的部分规定。同样，触发条件是身份变化后的约束。

现在，根据用户提供的例子和指导原则，or关系成立的情况是当满足其中一个MEU的条件就能使整体不违规。比如，例子中的两个MEU是因为只要其中一个条件满足，就完成了一次披露，所以不需要同时满足两个。而这里的三个MEU看起来是针对不同主体的不同情况，分别有不同的约束，他们之间是否是or关系？

首先，MEU_13_1的受让方和其他两个MEU的大股东、控股股东主体不同，所以可能不会有直接的or关系。因为or关系通常是在同一法条下，针对同一或类似主体的情况。

MEU_13_2和MEU_13_3的主体不同，一个是“大股东”，另一个是“控股股东或实际控制人”，他们的触发条件都是通过协议转让减持导致身份变化，但约束不同。在这种情况下，是否属于or关系？

根据业务逻辑，假设大股东减持导致不再是股东时，需要遵守第四条规定；而控股股东或实际控制人减持导致身份变化时，需要遵守第十二条的规定。这两者是独立的情况，没有重叠，所以默认是and关系。也就是说，如果某个案例涉及到大股东减持导致身份变化，则适用MEU_13_2；如果涉及控股股东或实际控制人，则适用MEU_13_3。两者是不同的情况，不存在其中一个满足就会使另一个不违规的情况。因此它们之间不存在or关系。

再看看MEU_13_1与其他两个。MEU_13_1针对的是受让方，而其他两个针对的是减持方，主体完全不同，因此不可能有or关系。

另外，检查法律原文是否有“或者”连接的情况。原文中第一条中的“通过大宗交易或协议转让方式减持”，这里拆成了MEU_13_1的条件中的“或”，但这里MEU_13_1的condition已经合并了两种方式，所以不需要拆分成两个MEU，因此不存在需要建立or关系的MEU。而MEU_13_2和MEU_13_3的条件是不同的，触发条件中的主体和结果不同，因此它们之间没有or关系。

综上，这三个MEU之间不存在需要建立or关系的情况，因此输出空列表。
","CompletionUsage(completion_tokens=604, prompt_tokens=1595, total_tokens=2199, completion_tokens_details=CompletionTokensDetails(accepted_prediction_tokens=None, audio_tokens=None, reasoning_tokens=593, rejected_prediction_tokens=None), prompt_tokens_details=PromptTokensDetails(audio_tokens=None, cached_tokens=0))"
11,第十一条 具有下列情形之一的，上市公司控股股东、实际控制人不得减持其所持有的本公司股份： （一）上市公司因涉嫌证券期货违法犯罪，在被中国证监会及其派出机构立案调查或者被司法机关立案侦查期间，以及在行政处罚决定、刑事判决作出之后未满6个月的； （二）上市公司被本所公开谴责未满3个月的； （三）上市公司股票因可能触及重大违法强制退市情形，而被本所实施退市风险警示，在本所规定的限制减持期限内的； （四）中国证监会及本所规定的其他情形。,"

<RELATIONS>
[
]
</RELATIONS>","好的，我现在需要分析用户提供的MEU列表，识别其中的“or”关系。首先，我得仔细理解每个MEU的内容以及它们在法律原文中的上下文。

法律原文是第十一条，列出了四种情形，当这些情形发生时，控股股东和实际控制人不得减持股份。拆分后的四个MEU分别对应这四种情形。每个MEU的主体（subject）都是相同的，都是“上市公司控股股东 | 实际控制人”，约束（constraint）也都是“不得减持其所持有的本公司股份”。不同之处在于条件（condition）部分。

根据任务说明，MEU之间的默认关系是“and”，也就是所有条件都满足时才会判定不违规。但如果有“or”关系，只要其中一个不违规，整个法条就会不违规。这里需要判断这四个MEU之间是否存在“or”关系。

首先，分析各个MEU的条件。每个MEU对应不同的触发条件，例如被立案调查、被公开谴责、退市风险警示等。根据法律原文的逻辑，只要存在其中任何一种情形，控股股东等就不能减持。这意味着，只要满足任何一个MEU的条件，就会触发约束。因此，这四个MEU的条件实际上是“或”的关系，只要有一个条件成立，就适用不得减持的规定。因此，在合规性判断中，如果其中任何一个MEU的条件被满足，就会导致违规，而其他MEU是否满足并不影响这个结果。因此，这些MEU之间应该是“或”的关系，因为任何一个触发都会导致约束生效，而不是需要所有条件同时满足。

根据用户提供的例子，当MEU的条件是相互排斥的，或者业务上只需要满足其中一个时，应该建立“or”关系。这里的四种情形是并列的，任何一个发生都会禁止减持，因此它们之间应该用“or”连接。然而，根据用户之前的例子，当多个MEU的约束相同，并且只要其中一个条件触发就需要遵守约束时，这些MEU可能被设计为“or”关系，以避免重复违规的情况。

但是，根据用户提供的注意事项，并非所有原文中的“或者”都会转化为MEU的“or”关系。需要从业务逻辑角度考虑。例如，如果这些情形是独立的条件，只要任一条件满足，就不得减持，那么这些MEU之间应该是“or”关系。因为，如果默认是“and”关系，那么只有当所有四个条件都满足时，才会触发约束，这显然不符合法律原文的意图。原意是只要任一情况出现，就禁止减持，因此MEU之间应存在“or”关系，以确保任一条件的满足都会触发约束。

因此，这四个MEU中的每一个都与其他存在“or”关系。但根据输出要求，只需要列出每个关系一次，不需要重复。例如，MEU_11_1与MEU_11_2、MEU_11_3、MEU_11_4都是“or”关系，但用户可能希望将它们分组，或者是否存在更简化的方式？

不过，根据用户给出的例子，当多个MEU的条件是同一法条中的并列选项时，它们之间应建立“or”关系。比如，在用户提供的例子中，第五条的两个MEU因为业务逻辑需要只披露一次，所以是“or”关系。同理，这里的四个MEU分别代表不同的禁止减持条件，只要满足其中一个，就不得减持，因此这些MEU之间应全部以“or”连接。也就是说，每个MEU与其他三个都是“or”关系，但根据输出规范，只需要列出每个唯一的组合一次。例如，MEU_11_1与MEU_11_2、MEU_11_3、MEU_11_4各有一个“or”关系，同样，MEU_11_2与MEU_11_3、MEU_11_4，MEU_11_3与MEU_11_4之间也是如此。但这样的输出会非常冗长，可能有更简洁的方式？

或者，可能用户希望将这四个MEU视为一个整体，所有四个之间都是“or”关系，从而形成全连接。不过，这可能导致输出列表中有多个条目。例如：

(""MEU_11_1"", ""or"", ""MEU_11_2""),
(""MEU_11_1"", ""or"", ""MEU_11_3""),
(""MEU_11_1"", ""or"", ""MEU_11_4""),
(""MEU_11_2"", ""or"", ""MEU_11_3""),
(""MEU_11_2"", ""or"", ""MEU_11_4""),
(""MEU_11_3"", ""or"", ""MEU_11_4"")

但这样的输出是否正确？或者是否应该将它们视为一个组，比如用一个源MEU指向多个目标MEU的列表？

例如：

(""MEU_11_1"", ""or"", [""MEU_11_2"", ""MEU_11_3"", ""MEU_11_4""]),
(""MEU_11_2"", ""or"", [""MEU_11_3"", ""MEU_11_4""]),
(""MEU_11_3"", ""or"", ""MEU_11_4"")

这样可能更简洁，但根据例子中的输出，每个关系都是单独的三元组，而不是列表。例如，在用户提供的例子中，两个MEU之间直接写成单个元组，而不是用列表。因此，正确的做法应该为每个双向关系只输出一次，但根据用户说明，or关系是双向的，所以每个组合只需出现一次。例如，MEU_11_1和MEU_11_2的“or”关系只需写一次，而无需反过来再写一次。

所以，正确的做法是将所有四个MEU之间两两建立“or”关系，但每个唯一的组合只输出一次。例如，对于四个MEU，总共有6种组合（C(4,2)=6）。但在实际情况中，可能需要更仔细的分析：如果四个条件中的任何一个成立都会导致约束，那么它们之间确实是“or”关系，因为只要有一个成立，就触发约束，其他条件是否成立不影响。因此，在合规判断中，任何一个MEU的违规都会导致整个法条的违规，而其他MEU的不违规情况不会影响这一点。这可能意味着这些MEU之间不存在“or”关系，而是默认的“and”关系？或者，这里可能存在误解。

这里可能存在混淆点：默认情况下，法条下的所有MEU都是“and”关系，即只有当所有MEU都不违规时，整个法条才不违规。但如果有“or”关系，则只要有一个MEU不违规，整个法条就不违规。然而，在这个案例中，法律原文的逻辑是，当任一MEU的条件被满足时，主体就不得减持。因此，当任一MEU的条件满足时，主体如果减持，则违规。这种情况下，各个MEU之间应该是什么样的关系？

假设法条下四个MEU的默认关系是“and”，即只有当四个MEU都不违规时，整个法条才不违规。但是根据法律原文，只要满足任何一个MEU的条件，主体就不能减持。因此，当主体在满足MEU_11_1的情况下减持，则违规，而在其他三个不满足的情况下，即使其他三个都不违规，整个法条也会判定为违规，因为至少有一个MEU违规。因此，这种情况下，MEU之间的关系应该是默认的“and”，而无需建立“or”关系？

或者，可能我的理解有误。需要再次回顾“or”关系的定义：“如果两个MEU被判定为 or 的关系，那么只要这两个MEU之间有一个不违规，这两个MEU便会一起被判定为不违规。”

例如，若MEU_A和MEU_B是“or”关系，那么当MEU_A不违规或者MEU_B不违规时，整个法条在这两个MEU上不违规。而默认情况下，是“and”关系，即只有当MEU_A和MEU_B都不违规时，才不违规。

回到当前案例，法律原文中四个情形中的任何一个都会导致不得减持。因此，当案例中存在任何一个情形时，减持就会违规。而如果这四个MEU是默认的“and”关系，那么只有当所有四个MEU的条件都不满足时，减持才不违规。这正是法律原文的要求。因此，默认的“and”关系是正确的，无需建立“or”关系。因为法条要求的是，只要任何一个条件存在，就不得减持。所以，在合规判断中，只要任何一个MEU的条件满足，且主体减持，就违规。而默认的“and”关系下，只有当所有MEU都不违规时，整个法条才不违规。也就是说，如果任何一个MEU违规，整个法条就违规，这正是法律原文的逻辑。因此，这四个MEU之间的关系应该是默认的“and”关系，不需要建立“or”关系。

这里可能是我之前的分析有误。需要明确：MEU之间的“or”关系会改变整个法条的判断逻辑。如果MEU之间是“or”，则只要其中有一个不违规，整个法条就判定为不违规。而如果保持默认的“and”关系，则必须所有MEU都不违规，法条才不违规。

在当前案例中，法律要求的是，只要存在任一情形（MEU的条件满足），主体就不得减持。因此，当任何一个MEU的条件被满足时，如果主体减持，就违反该MEU，导致整个法条判定为违规。此时，如果四个MEU是默认的“and”关系，那么只有当所有四个MEU都不违规时，法条才不违规。这正是正确的逻辑，因为如果有任何一个MEU违规（即条件满足且减持），则整个法条违规。因此，这四个MEU之间应该保持默认的“and”关系，而不需要建立“or”关系。此时，用户的问题是需要确认是否存在需要建立“or”关系的情况。

例如，假设法条中的四个情形是“或者”的关系，那么MEU之间可能需要建立“or”关系。但根据用户提供的注意事项，并非所有原文中的“或者”都需要建立“or”关系。例如，在第十五条的例子中，多个条件被拆分为多个MEU，但保持默认的“and”关系，因为每个条件都需要披露。

因此，回到当前案例，四个MEU的条件是法条中的不同情形，每个情形单独触发约束。此时，在合规判断中，任何一个情形被触发都会导致违规，而其他情形是否触发并不影响。因此，这四个MEU之间应该保持默认的“and”关系，不需要建立“or”关系。因为，默认情况下，只有当所有MEU都不违规时，法条才不违规。如果有任何一个MEU违规（即条件满足且主体减持），则整个法条违规。这正是法律要求的逻辑。因此，这四个MEU之间不存在需要建立的“or”关系。

因此，最终的结论是，这四个MEU之间没有“or”关系，应返回空列表。
","CompletionUsage(completion_tokens=2299, prompt_tokens=1673, total_tokens=3972, completion_tokens_details=CompletionTokensDetails(accepted_prediction_tokens=None, audio_tokens=None, reasoning_tokens=2288, rejected_prediction_tokens=None), prompt_tokens_details=PromptTokensDetails(audio_tokens=None, cached_tokens=0))"
14,第十四条 上市公司董监高具有下列情形之一的，不得减持其所持有的本公司股份： （一）上市公司因涉嫌证券期货违法犯罪，在被中国证监会及其派出机构立案调查或者被司法机关立案侦查期间，以及在行政处罚决定、刑事判决作出之后未满6个月的； （二）本人因涉嫌与该上市公司有关的证券期货违法犯罪，在被中国证监会及其派出机构立案调查或者被司法机关立案侦查期间，以及在行政处罚决定、刑事判决作出之后未满6个月的； （三）本人因涉及证券期货违法，被中国证监会行政处罚，罚没款尚未足额缴纳的，但法律、行政法规另有规定或者减持资金用于缴纳罚没款的除外； （四）本人因涉及与本上市公司有关的违法违规，被证券交易所公开谴责未满三个月的； （五）上市公司股票因可能触及重大违法强制退市情形而被本所实施退市风险警示，在本所规定的限制转让的期限内； （六）中国证监会及本所规定的其他情形。,"

<RELATIONS>
[
(""MEU_14_1"", ""or"", ""MEU_14_2""),
(""MEU_14_3"", ""or"", ""MEU_14_4"")
]
</RELATIONS>","好的，我现在需要分析给定的MEU列表，找出其中是否存在“or”关系。首先，我要理解每个MEU的条件和约束，然后根据业务逻辑判断它们是否需要以“or”关联。

法律原文第十四条列出了六种情形，以及第七项的其他情形，共七项。每个MEU对应其中的一种情形。根据法律原文的结构，每一项都是独立的禁止减持的情况，只要满足其中任何一种情况，董监高就不得减持。因此，这些MEU之间的关系应该是“or”，因为只要任一条件满足，就会触发约束。

但根据用户提供的指南，MEU之间默认是“and”关系，只有当所有MEU都不违规时，整个法条才不违规。因此，需要判断是否存在需要“or”的情况。在这种情况下，每个MEU代表不同的禁止情形，只要违反其中一个，整个法条就会被触发。因此，正确的逻辑应该是这些MEU之间是“or”关系，因为任何一个条件满足都会导致违规，而不是需要所有条件都满足。因此，这些MEU应该以“or”相互关联。

不过，用户提供的例子中，当两个条件实际上是同一法条中的两个选项时，例如减持计划实施完毕或时间区间届满，这时候两个MEU是“or”关系。但在这个案例中，每个MEU对应不同的独立情形，是否应该全部用“or”连接？

但是根据用户提供的指南中的例子，当法条中的多个情形是互斥的，即满足任一情形都会导致违规，这时候这些MEU之间应为“or”关系。因此，第十四条的各个MEU之间应该都是“or”关系。例如，MEU_14_1和MEU_14_2可能属于同一项中的两种条件，但根据拆分，MEU_14_1对应的是立案调查期间，而MEU_14_2是行政处罚后的6个月内，属于同一项的两个部分，可能被拆分为两个MEU。这时候是否需要将同一项中的不同部分视为“or”？

例如，原法律条文第十四条第一项中的条件有两个部分：立案调查期间，或者行政处罚决定后未满6个月。这两个部分在拆分时成为MEU_14_1和MEU_14_2。这时候，这两个MEU之间应该存在“or”关系，因为只要满足其中一个条件，就会触发禁止减持。同样，第二项中的两个部分拆分为MEU_14_3和MEU_14_4，也需要建立“or”关系。而第三项可能对应MEU_14_5，第四项对应MEU_14_6，第五项对应MEU_14_7，第六项对应MEU_14_8，其他情形。这时候，同一项内的拆分后的MEU之间应该用“or”，而不同项之间的MEU之间是否也需要用“or”？

根据业务逻辑，整个第十四条的结构是各项之间是“或者”的关系，即任何一项情形都会导致禁止减持。因此，每个MEU代表一个独立的情形，所有MEU之间应该是“or”关系。但根据用户之前的例子，同一项中的拆分后的MEU之间用“or”，而不同项之间的可能也属于“or”关系。例如，MEU_14_1（立案调查期间）和MEU_14_2（行政处罚后6个月）属于同一项的两个条件，所以它们之间是“or”。而MEU_14_1和MEU_14_3属于不同项的情况，同样应“or”。

但根据用户提供的MEU列表，MEU_14_1到MEU_14_8分别对应法律原文中的六个情形和其他情形。例如，MEU_14_1对应第一项的第一部分，MEU_14_2对应第一项的第二个部分，MEU_14_3对应第二项的第一部分，MEU_14_4对应第二项的第二个部分，MEU_14_5对应第三项，MEU_14_6对应第四项，MEU_14_7对应第五项，MEU_14_8对应第六项和第七项。因此，同一项中的两个部分被拆分为两个MEU，如MEU_14_1和MEU_14_2属于同一项的两个条件，这种情况下，这两个MEU之间应为“or”关系，因为原文中的第一项是“立案调查期间或者行政处罚后未满6个月”，即这两个条件满足任一即触发。同样，MEU_14_3和MEU_14_4属于第二项的两个条件，应建立“or”关系。而其他MEU如MEU_14_5、MEU_14_6等各自独立，属于不同的项，它们之间是否需要“or”？

根据用户提供的指南，只有当业务逻辑上需要任一满足即不违规时才用“or”。但在这个案例中，所有MEU的约束都是“不得减持”，即只要任一MEU的条件满足，就会导致违规。所以，整个法条的MEU之间应全部用“or”连接。但根据用户提供的例子，只有当同一项中的不同条件拆分时才需要建立“or”关系，而不同项之间可能已经默认是“or”关系，无需额外标注？

例如，法律原文中的各项之间用“；”分隔，表示各项是独立的，即只要满足任一项，就会触发禁止减持。因此，每个项对应的MEU之间应该属于“or”关系。而同一项内的多个条件被拆分成不同MEU，如MEU_14_1和MEU_14_2，它们之间也需要“or”关系。因此，正确的做法是：

- MEU_14_1与MEU_14_2之间是“or”（同一项的两个条件）
- MEU_14_3与MEU_14_4之间是“or”（同一项的两个条件）
- 其他MEU如MEU_14_5、MEU_14_6等各自独立，属于不同项，因此在法条下，所有MEU之间默认是“and”关系，但实际业务中，只要任一MEU违规，整个法条就违规。因此，这种情况下，是否需要将所有MEU之间建立“or”关系？

根据用户提供的指南中的默认规则，MEU之间默认是“and”关系，只有当需要改变时才标注“or”。因此，法律原文中的各项之间实际上是“or”关系，所以对应的MEU之间应该全部建立“or”关系。否则，默认情况下，只有当所有MEU都不违规，法条才不违规，这与实际法律意图相反。

例如，如果MEU_14_1的条件是A，MEU_14_3的条件是B，默认情况下，这两个MEU是“and”关系，即只有当A和B都不违规时，法条才不违规。但实际法律意图是只要A或B任一满足，就违规。因此，必须将这些MEU之间标记为“or”关系。

但根据用户提供的例子，比如第五条的两个MEU是同一条件下的两种可能，所以需要“or”。而第十四条的每个MEU代表不同的独立情形，那么所有MEU之间都应建立“or”关系，否则默认的“and”会导致错误。

例如，假设法条中的各项之间是“或”的关系，那么对应的MEU之间应全部用“or”连接。否则，系统会认为必须所有MEU都不违规，法条才不违规，而实际只要任一违规，法条就违规。因此，这种情况下，需要将所有的MEU之间建立“or”关系。

但用户提供的例子中，只处理了同一项内的两个条件拆分的MEU，而不同项之间的MEU是否需要处理？

根据用户提供的例子，法条第五条的两个MEU被拆分为同一项下的两个条件，用“或者”连接，所以它们之间是“or”。而其他项之间可能没有这种情况。

但在当前问题中，第十四条的各项之间是独立的，用分号分隔，每个项是一个独立的情形，所以每个项对应的MEU之间应该是“or”关系。然而，每个项内部可能已经被拆分为多个MEU，如MEU_14_1和MEU_14_2对应第一项的两个条件，这两个之间是“or”，而MEU_14_1与MEU_14_3（对应第二项的条件）之间是否需要“or”？

根据用户指南中的默认规则，默认是“and”，所以必须将所有这些MEU之间明确标记为“or”，否则系统会错误地认为需要所有条件都不违规才不违规。因此，正确的做法是将所有MEU之间都建立“or”关系。但是这样做会导致输出非常多的关系对，这可能不符合用户的要求，因为用户可能希望仅处理同一项内的拆分MEU。

需要仔细分析用户提供的MEU列表：

MEU_14_1对应第一项的第一部分：“在被中国证监会及其派出机构立案调查或者被司法机关立案侦查期间”，这里原本有一个“或者”，但在拆分时可能被分为两个条件吗？但是用户提供的MEU_14_1的条件是“上市公司因涉嫌证券期货违法犯罪，在被中国证监会及其派出机构立案调查或者被司法机关立案侦查期间”，这里的“或者”已经被保留在condition中，因此可能没有被拆分为两个MEU，而是作为一个MEU，其中condition中包含“或者”。因此，可能用户提供的MEU列表中的每个项已经被拆分为不同的MEU，例如第一项被拆分为MEU_14_1和MEU_14_2，分别对应两个时间段：立案调查期间和行政处罚后的六个月。因此，这两个MEU之间应建立“or”关系，因为原文中的第一项是两个条件之一。

同样，第二项被拆分为MEU_14_3和MEU_14_4，对应同样的两个时间段，所以它们之间也是“or”。第三项对应MEU_14_5，第四项对应MEU_14_6，第五项对应MEU_14_7，第六项对应MEU_14_8。因此，只有同一项拆分出的MEU之间存在“or”关系，而不同项的MEU之间属于不同的情形，因此它们之间在法条中原本就是“或者”的关系，所以对应的MEU之间是否需要建立“or”？

根据用户指南中的默认规则，MEU之间默认是“and”，所以必须显式建立“or”关系，否则法条的合规性判断会是错误的。例如，如果法条第十四条的各个MEU之间是“and”关系，那么只有当所有MEU的条件都不满足时，法条才不违规，这显然不符合法律意图。因此，必须将所有这些MEU之间都建立“or”关系。但用户提供的例子中，第五条的两个MEU被拆分为同一条件下的两个情况，所以它们之间建立“or”，而其他MEU之间可能不需要。

或者，可能用户认为整个法条的各个MEU之间已经是“or”的隐含关系，因此不需要显式建立，而同一项内的拆分后的MEU需要显式建立“or”关系。但根据用户给出的处理方式，必须显式建立所有需要“or”的关系，否则系统会错误处理。因此，正确的做法是，将同一项内的拆分后的MEU建立“or”关系，而不同项之间的MEU之间可能不需要，因为法条的结构本身已经将这些项视为“或者”关系，所以对应的MEU之间在法条下默认已经是“or”，但根据MEU的默认规则是“and”，所以是否需要建立？

这有点矛盾。例如，法条中的各项之间是“或”的关系，因此对应的MEU之间也应该以“or”连接，否则系统会错误地认为必须满足所有项的条件才会触发违规。因此，必须将这些MEU之间全部建立“or”关系。

然而，在用户提供的MEU列表中，每个项被拆分为独立的MEU，例如MEU_14_1到MEU_14_8分别对应法条中的各个项。因此，这些MEU之间的正确关系应该是所有MEU之间都是“or”，因为只要任何一个MEU的条件满足，就会触发约束。因此，正确的输出应该包括所有这些MEU之间的“or”关系。

但根据用户提供的指南中的例子，法条第五条的两个MEU被拆分为同一项中的两个条件，并建立了“or”关系，而其他项可能没有被拆分，所以MEU之间是默认的“and”。但在当前情况下，第十四条的各个MEU之间是否需要全部建立“or”关系？

例如，MEU_14_1对应第一项，MEU_14_3对应第二项，这些不同的项之间在法条中是“或者”的关系，所以对应的MEU之间应建立“or”关系。否则，系统会认为必须同时满足第一项和第二项的条件才会触发违规，而实际上只要满足任一即可。

因此，正确的做法是将所有MEU之间都建立“or”关系。但这样会导致大量的关系对，例如MEU_14_1与MEU_14_2、MEU_14_3、MEU_14_4等都需要建立“or”关系。但是用户指南中提到，不需要建立双向关系，只需要一次即可。例如，如果MEU_14_1与MEU_14_2是“or”，只需输出一次即可，不需要反向。但如果是多个MEU之间都需要“or”，应该如何表示？

这可能很复杂。例如，假设所有MEU之间都是“or”，那么需要输出所有可能的组合，但这样会导致列表非常长。例如，8个MEU，每个与其他7个组合，但用户指南中的例子只处理同一项内的MEU。因此，可能用户希望仅处理同一项内被拆分的MEU之间的“or”关系，而不同项之间的MEU不需要，因为它们已经在法条的结构中被视为“或者”。

因此，我需要重新分析MEU列表中的各个MEU对应的法律原文中的项：

法律原文第十四条的六项情形：

（一）上市公司因涉嫌证券期货违法犯罪，在被中国证监会及其派出机构立案调查或者被司法机关立案侦查期间，以及在行政处罚决定、刑事判决作出之后未满6个月的；

这里有两个条件：期间调查/侦查，以及行政处罚后未满6个月。拆分后的MEU_14_1对应期间，MEU_14_2对应行政处罚后的时间。因此，这两个MEU之间应该建立“or”关系。

（二）本人因涉嫌与该上市公司有关的证券期货违法犯罪，在被中国证监会及其派出机构立案调查或者被司法机关立案侦查期间，以及在行政处罚决定、刑事判决作出之后未满6个月的；

同样，拆分后的MEU_14_3和MEU_14_4应建立“or”关系。

（三）本人因涉及证券期货违法，被中国证监会行政处罚，罚没款尚未足额缴纳的，但法律、行政法规另有规定或者减持资金用于缴纳罚没款的除外；

对应的MEU_14_5，这里只有一个条件，所以没有拆分，无需处理。

（四）本人因涉及与本上市公司有关的违法违规，被证券交易所公开谴责未满三个月的；

对应的MEU_14_6，无需处理。

（五）上市公司股票因可能触及重大违法强制退市情形而被本所实施退市风险警示，在本所规定的限制转让的期限内；

对应的MEU_14_7。

（六）中国证监会及本所规定的其他情形。

对应的MEU_14_8。

因此，同一项内的两个条件被拆分为两个MEU，即第一项拆分出MEU_14_1和MEU_14_2，第二项拆分出MEU_14_3和MEU_14_4，这些同一项内的MEU之间需要建立“or”关系。而其他项对应的MEU之间不需要，因为它们各自独立，且在法条中已经是“或者”的关系，因此对应的MEU之间默认应为“or”，但根据用户的默认规则，MEU之间是“and”，所以必须显式建立“or”关系。这会导致所有MEU之间都需要建立“or”关系。

例如，如果MEU_14_1的条件满足，就会触发违规，而其他MEU的条件不满足，此时整个法条应该被判定为违规。但按照默认的“and”关系，只有当所有MEU都不违规时，法条才不违规，因此必须将所有的MEU之间都建立“or”关系，才能正确判定。

所以，正确的做法是：所有MEU之间建立“or”关系。然而，这会产生大量的关系对，比如每个MEU与其他7个MEU建立“or”关系，这将导致很多元组。但用户指南中提到，“or”关系是双向的，只需要输出一次。例如，MEU_14_1与MEU_14_2、MEU_14_3等所有其他MEU建立“or”关系，但这样需要生成很多组合，可能不符合用户期望的简洁输出。

但是，根据用户提供的例子，第五条的两个MEU被拆分为同一项的两个条件，建立了一个“or”关系。而其他MEU之间没有处理。所以，可能用户希望只处理同一项内的MEU拆分后的“or”关系，而不同项之间的MEU之间默认在法条中是“or”，所以不需要额外标注？

或者说，在MEU的拆分过程中，法条的各个项已经被拆分为独立的MEU，而这些项之间的“或者”关系已经通过法条的结构隐含，因此对应的MEU之间无需显式建立“or”关系，系统会默认法条中的各项是“或”的关系。但在MEU的默认规则中，所有MEU之间是“and”关系，因此必须显式建立“or”关系，才能正确表示法条的意图。

这似乎是一个矛盾。例如，假设法条中的各个项之间是“或”的关系，但拆分后的MEU之间默认是“and”关系，这会导致系统错误地认为需要同时满足所有项才会触发违规。因此，必须将每个项对应的MEU与其他项对应的MEU之间建立“or”关系。

但用户提供的例子中并没有这样做，可能用户认为法条中的各个项之间在拆分后的MEU之间无需显式建立“or”，因为法条的结构已经处理了这一点。然而，根据MEU的默认规则，必须显式建立所有“or”关系，否则将导致错误的合规判断。

这种情况下，我需要按照用户提供的指南，仅处理同一项内的拆分MEU之间的“or”关系，而不同项之间的MEU无需处理，因为法条的结构已经将它们视为“或”的关系。但根据MEU的默认规则，这是否正确？

例如，假设法条第十四条中的各项之间是“或者”的关系，那么在合规判断时，只要任一MEU违规，整个法条就违规。但根据MEU的默认规则，所有MEU之间是“and”，因此必须显式建立“or”关系，才能正确判断。因此，正确的做法是将所有MEU之间都建立“or”关系。但这样会导致输出大量的关系对，例如8个MEU会有C(8,2)=28个关系，这可能不符合用户的要求，尤其是用户提供的例子中仅处理了同一项内的两个MEU。

可能用户希望仅处理同一项内被拆分的MEU之间的“or”关系，而不同项之间的MEU不需要显式建立，因为它们的“or”关系已经在法条的结构中被处理，即法条中的各项之间是“或”的关系，因此对应的MEU之间在合规判断时，系统会自动将它们视为“或”的关系。但根据MEU的默认规则，这并不正确，因为MEU之间默认是“and”。

或者，可能用户认为法条中的各个项被拆分为不同的MEU，而这些MEU之间默认已经是“或”的关系，因此无需显式建立。但根据MEU的默认规则，所有MEU之间默认是“and”，因此必须显式建立“or”关系。因此，正确的做法是，将这些MEU之间建立“or”关系。

这种情况下，如何处理？

需要仔细分析用户提供的指南中的说明：

“MEU之间默认的关系是and, 也即只有当整个法条Law_k下全部MEU都不违规, 这个法条才会被判定为不违规. 但有时这种简单的结构无法涵盖法律的本意, 需要我们判断是否存在 or 的情况. 如果两个MEU被判定为 or 的关系, 那么只要这两个MEU之间有一个不违规, 这两个MEU便会一起被判定为不违规. ”

因此，只有当MEU之间需要改变默认的“and”关系时，才需要建立“or”关系。而法条第十四条的各个项之间是“或者”的关系，因此对应的MEU之间应该建立“or”关系，否则系统会错误地要求所有MEU都不违规才能判定法条不违规。所以，正确的做法是将所有属于同一法条的MEU之间建立“or”关系。但是，这显然会导致输出大量元组，可能用户希望只处理同一项内拆分的MEU之间的“or”。

例如，在用户提供的例子中，法条第五条被拆分为两个MEU，因为原文中的条件有两个选项，因此建立了“or”关系。而法条第十四条的各个项之间已经是不同的情形，因此每个项对应的MEU之间可能无需建立“or”关系，因为法条的结构已经将这些项视为“或”，所以系统会自动将它们视为“或”的关系。但根据MEU的默认规则，这并不正确，因为MEU之间默认是“and”。

这里可能存在用户指南中的矛盾，或者我的理解有误。因此，我需要再次确认：

根据用户指南，MEU之间默认是“and”，即只有当所有MEU都不违规，法条才不违规。因此，如果法律原文中的各个情形是“或”的关系，那么对应的MEU之间必须建立“or”关系，否则系统会错误地认为必须所有情形都不存在才不违规。因此，法条第十四条的各个MEU之间应全部建立“or”关系，包括同一项内的和不同项之间的。

但用户提供的例子中，法条第五条的两个MEU是同一项内的两个条件，因此建立“or”关系。而其他法条中的项对应的MEU之间是否也需要建立“or”关系？例如，假设另一法条有三个项，每个项对应一个MEU，那么这三个MEU之间是否要建立“or”？

根据用户提供的例子中的处理方式，可能答案是肯定的，即所有项对应的MEU之间都需要建立“or”关系。但在当前案例中，处理后的MEU列表中的各个项对应的MEU之间是否也需要建立“or”关系？

例如，第十四条的八个MEU中，MEU_14_1和MEU_14_3分别对应第一项和第二项的条件，因此它们之间应建立“or”关系。同理，MEU_14_1与MEU_14_5、MEU_14_6等也应建立“or”关系。这会导致输出大量的元组，但用户可能希望避免这种情况。

这可能意味着，用户希望仅处理同一项内被拆分的MEU之间的“or”关系，而不同项对应的MEU之间无需处理，因为它们已经被法条的结构隐含为“或”的关系。但根据MEU的默认规则，这并不正确，因为MEU之间默认是“and”，所以必须显式建立“or”。

或者，可能用户认为每个法条中的各个MEU默认是“或”的关系，因此无需显式建立，但根据用户指南中的说明，MEU之间默认是“and”，因此必须显式建立“or”。

此时，我需要根据用户提供的指南中的例子来推断正确的处理方式。在用户提供的例子中，法条第五条的两个MEU被拆分为同一项中的两个条件，因此建立了“or”关系。而其他项可能没有被拆分，因此对应的MEU之间默认是“and”，但根据法条的结构，它们之间应该是“或”的关系，所以是否需要显式建立？

例如，假设另一法条有三个独立的项，每个项对应一个MEU，那么是否需要将这三个MEU之间建立“or”关系？

根据用户指南中的说明，MEU之间默认是“and”，因此必须显式建立“or”关系。但用户提供的例子中并没有处理这种情况，可能用户希望仅处理同一项内被拆分的MEU之间的“or”关系。

因此，回到当前案例，MEU_14_1和MEU_14_2属于同一项的两个条件，应建立“or”关系。同理，MEU_14_3和MEU_14_4属于同一项的两个条件，应建立“or”关系。而其他MEU各自独立，属于不同的项，因此它们之间无需建立“or”关系，因为法条的结构已经将它们视为“或”的关系，而MEU的默认规则可能已经处理了这一点。或者，可能用户认为这些MEU之间需要建立“or”关系，否则系统会错误地应用“and”逻辑。

这需要明确判断。例如，如果法条第十四条的各个MEU代表不同的禁止情形，只要满足任何一项就违规，那么它们之间必须用“or”连接。否则，系统会要求所有MEU都不违规才不违规，这与法律意图相悖。

因此，正确的做法是将所有MEU之间建立“or”关系。但这样会导致大量的关系对。例如，对于MEU_14_1，需要与MEU_14_2、MEU_14_3、MEU_14_4、MEU_14_5、MEU_14_6、MEU_14_7、MEU_14_8建立“or”关系。但用户提供的例子中仅处理了同一项内的MEU，因此可能用户希望只处理同一项内的拆分情况，而不同项对应的MEU之间无需处理，因为它们的“or”关系已经通过法条结构隐含，或者可能用户认为法条中的各个项对应的MEU之间默认是“or”。

这可能需要更深入的理解用户的意图。例如，用户可能认为法条中的各个项是“或”的关系，因此对应的MEU之间在合规判断时会被自动视为“或”，无需显式建立关系。而同一项内的拆分后的MEU则需要显式建立“or”关系，因为它们原本属于同一项的条件，可能被错误地拆分为多个MEU，导致需要“and”关系，而实际上应该用“or”。

因此，回到当前案例，正确的输出应该是：

- MEU_14_1与MEU_14_2之间建立“or”关系（同一项的两个条件）
- MEU_14_3与MEU_14_4之间建立“or”关系（同一项的两个条件）
- 其他MEU之间不需要建立“or”关系，因为它们各自对应不同的项，而这些项之间在法条中已经是“或”的关系，因此对应的MEU之间在合规判断时会被视为“或”，无需显式建立。

但根据用户指南中的默认规则，MEU之间是“and”，因此必须显式建立“or”关系，否则系统会错误地应用“and”逻辑。

例如，如果法条第十四条的各个项对应的MEU之间没有建立“or”关系，那么系统会认为只有当所有MEU都不违规时，法条才不违规。而实际上，只要任一MEU违规，法条就应违规。因此，必须显式建立所有MEU之间的“or”关系。

这显然是一个矛盾，但根据用户指南中的规则，必须显式建立。

因此，正确的做法是将所有MEU之间建立“or”关系。例如：

MEU_14_1与MEU_14_2、MEU_14_3、MEU_14_4、MEU_14_5、MEU_14_6、MEU_14_7、MEU_14_8之间建立“or”关系。同样，MEU_14_3与MEU_14_4、MEU_14_5等也需要建立。这将导致一个非常长的列表，但用户可能希望避免这种情况，因此可能存在理解上的错误。

现在，我必须重新检查用户提供的MEU列表中的各个MEU对应的法律原文中的项：

MEU_14_1对应第一项中的第一部分：“在被中国证监会及其派出机构立案调查或者被司法机关立案侦查期间” — 这里可能拆分为一个MEU，其中condition中包含“或者”，即MEU_14_1的condition是“被立案调查或者被立案侦查期间”，因此它可能没有被进一步拆分为两个MEU，而是作为一个MEU，其中subject的condition包含“或者”。但用户提供的MEU_14_1的condition是“上市公司因涉嫌证券期货违法犯罪，在被中国证监会及其派出机构立案调查或者被司法机关立案侦查期间”，这里的“或者”是条件中的一部分，因此该MEU可能没有被拆分，而MEU_14_2对应的是同一项中的第二部分“行政处罚决定、刑事判决作出之后未满6个月”。因此，同一项中的两个条件被拆分为两个MEU，MEU_14_1和MEU_14_2，它们之间需要建立“or”关系。

同样，第二项被拆分为MEU_14_3和MEU_14_4，需要建立“or”关系。

第三项对应MEU_14_5，第四项对应MEU_14_6，第五项对应MEU_14_7，第六项对应MEU_14_8。因此，同一项内的拆分后的MEU之间需要建立“or”关系，而不同项之间的MEU之间无需建立，因为它们对应的条件是不同的情形，而这些情形在法条中已经是“或者”的关系，因此对应的MEU之间在合规判断时会被系统自动视为“或”，但根据用户指南中的默认规则，MEU之间是“and”，因此必须显式建立“or”关系。

因此，正确的输出应包括同一项内的MEU之间的“or”关系，以及不同项之间的MEU之间的“or”关系。

然而，这显然会导致过多的关系对，例如MEU_14_1需要与所有其他MEU建立“or”关系，这在实际操作中可能不可行。因此，可能存在用户指南中的误解，或者用户希望只处理同一项内的拆分后的MEU之间的“or”关系，而不同项之间的MEU之间默认由法条结构处理，即系统在判断时，默认法条的各个项之间是“或”的关系，因此对应的MEU之间无需显式建立“or”关系。

在这种情况下，正确的输出应为：

MEU_14_1与MEU_14_2建立“or”关系；

MEU_14_3与MEU_14_4建立“or”关系；

其他MEU之间无需建立关系。

因此，最终的输出应为：

<RELATIONS>
[
(""MEU_14_1"", ""or"", ""MEU_14_2""),
(""MEU_14_3"", ""or"", ""MEU_14_4"")
]
</RELATIONS>
","CompletionUsage(completion_tokens=6572, prompt_tokens=1996, total_tokens=8568, completion_tokens_details=CompletionTokensDetails(accepted_prediction_tokens=None, audio_tokens=None, reasoning_tokens=6523, rejected_prediction_tokens=None), prompt_tokens_details=PromptTokensDetails(audio_tokens=None, cached_tokens=0))"
20,第二十条 上市公司董监高所持本公司股份，是指登记在其名下和利用他人账户持有的所有本公司股份。,"

<RELATIONS>
[
]
</RELATIONS>","好，我现在需要分析给定的MEU列表，看看是否存在or关系。首先，法律原文是第二十条，关于上市公司董监高所持股份的定义，包括登记在其名下和利用他人账户持有的股份。

MEU列表里只有一个MEU_20_1，其上下文信息说明了所持股份的两种情况：登记在名下和利用他人账户持有。这里看起来，这两种情况是并列的，用“包括”连接，可能表示两者都属于所持股份的范围。但根据任务要求，需要判断MEU之间是否存在or关系。然而，这里只有一个MEU，没有其他MEU与之关联。所以不存在需要建立or关系的情况。

此外，or关系需要至少两个不同的MEU存在条件或约束上的选择关系。而这里所有内容都包含在一个MEU中，没有拆分，因此没有其他MEU可以形成or关系。根据识别原则，不需要增加不必要的关联。因此，最终结果应该是空列表。
","CompletionUsage(completion_tokens=206, prompt_tokens=1370, total_tokens=1576, completion_tokens_details=CompletionTokensDetails(accepted_prediction_tokens=None, audio_tokens=None, reasoning_tokens=195, rejected_prediction_tokens=None), prompt_tokens_details=PromptTokensDetails(audio_tokens=None, cached_tokens=0))"
17,第十七条 上市公司董监高在其就任时确定的任期内和任期届满后6个月内，每年通过集中竞价、大宗交易、协议转让等方式转让的股份不得超过其所持本公司股份总数的25%，因司法强制执行、继承、遗赠、依法分割财产等导致股份变动的除外。 上市公司董监高所持股份不超过1000股的，可一次全部转让，不受前款转让比例限制。,"

<RELATIONS>
[
(""MEU_17_1"", ""or"", ""MEU_17_2"")
]
</RELATIONS>","好的，我需要分析这两个MEU之间的关系，看看是否存在“or”关系。首先，MEU_17_1规定了董监高在特定时期内转让股份的限制，而MEU_17_2则指出如果持股不超过1000股，可以不受前款限制。

根据法律原文，当董监高持股不超过1000股时，可以直接全部转让，不需要遵守25%的限制。这意味着这两个MEU实际上是两个不同的情况。如果满足MEU_17_2的条件（持股≤1000），那么即使不符合MEU_17_1的情况，也不会违规。反之，如果不符合MEU_17_2，则需要遵守MEU_17_1的限制。

在这种情况下，如果两个MEU之间是“or”关系，那么只要其中一个条件满足（如持股≤1000），整个法条就不会被判定违规。但根据默认的“and”关系，所有MEU都需要不违规才行。但这里MEU_17_2提供了一个例外情况，所以当满足MEU_17_2时，即使MEU_17_1被违反，也不会导致整体违规。因此，这两个MEU之间应存在“or”关系，因为只要其中一个条件满足，另一个的限制就不再适用。
","CompletionUsage(completion_tokens=284, prompt_tokens=1525, total_tokens=1809, completion_tokens_details=CompletionTokensDetails(accepted_prediction_tokens=None, audio_tokens=None, reasoning_tokens=254, rejected_prediction_tokens=None), prompt_tokens_details=PromptTokensDetails(audio_tokens=None, cached_tokens=0))"
18,第十八条 上市公司董监高以上年末其所持股总数作为基数，计算其中可转让股份的数量；当年可转让但未转让的本公司股份，应当计入当年末其所持有本公司股份的总数，以该总数作为次年可转让股份的计算基数。 上市公司董监高所持本公司股份在年内增加的，新增无限售条件股份当年可转让25%，新增有限售条件股份计入次年可转让股份的计算基数。 因上市公司实施权益分派导致董监高所持本公司股份增加的，可同比例增加当年可转让数量。,"

<RELATIONS>
[
(""MEU_18_4"", ""or"", ""MEU_18_5"")
]
</RELATIONS>","好的，我需要分析给定的MEU列表，看看其中是否存在or关系。首先，法律原文第十八条分为几个部分，每个部分被拆解成不同的MEU。

先看MEU_18_1到MEU_18_3。MEU_18_1是关于以去年末持股总数计算可转让数量，MEU_18_2是当年未转让的股份计入年末总数，MEU_18_3则将这个总数作为次年的基数。这三个MEU看起来是依次递进的，没有选择关系，应该都是必须同时满足的，所以它们之间没有or关系。

接下来是MEU_18_4和MEU_18_5，这两个处理年内新增股份的情况。MEU_18_4针对新增无限售条件股份，规定当年可转让25%；MEU_18_5针对有限售条件股份，计入次年基数。这里两种情况是互斥的，即股份要么是无限售要么是有限售，所以在实际情况中，当新增股份时，只需满足其中一个MEU。因此，这两个MEU之间可能存在or关系，因为它们处理的是不同条件下的情况，满足其一即可。

MEU_18_6处理的是因权益分派导致股份增加的情况，允许同比例增加转让数量。这个情况独立于前两个新增股份的情况，所以不需要与其他MEU形成or关系。

检查是否有其他可能的or关系。比如，MEU_18_6是否与MEU_18_4或MEU_18_5有关联？但权益分派导致的新增股份可能属于不同的条件，因此单独处理，没有or关系。

总结：只有MEU_18_4和MEU_18_5属于同一法条下的两种情况，处理不同的新增股份类型，因此它们之间应存在or关系。
","CompletionUsage(completion_tokens=403, prompt_tokens=1756, total_tokens=2159, completion_tokens_details=CompletionTokensDetails(accepted_prediction_tokens=None, audio_tokens=None, reasoning_tokens=373, rejected_prediction_tokens=None), prompt_tokens_details=PromptTokensDetails(audio_tokens=None, cached_tokens=0))"
19,第十九条 上市公司章程可以对董监高转让其所持本公司股份规定比本指引更长的禁止转让期间、更低的可转让股份比例或附加其他限制转让条件。 上市公司应当制定专项制度，加强对董监高持有本公司股份及买卖本公司股票行为的申报、披露和监督。,"

<RELATIONS>
[]
</RELATIONS>","好，我现在需要分析这两个MEU之间是否存在“or”关系。首先看法律原文第十九条，分为两部分。第一部分是说公司章程可以规定更长的禁止转让期间、更低的可转让股份比例或附加其他限制转让条件。第二部分是要求上市公司制定专项制度，加强申报、披露和监督。

对应的MEU有两个：MEU_19_1和MEU_19_2。MEU_19_1的约束是关于公司章程的规定选项，而MEU_19_2的约束是必须制定专项制度。根据任务要求，需要判断这两个MEU之间是否存在“or”关系，即只要其中一个不违规，整个法条就不违规？

首先，MEU_19_1中的条件允许公司章程选择不同的限制，这些选项之间可能存在“或”的关系，但这里已经被合并到一个MEU中，所以内部可能有多个条件，但作为整体，该MEU的合规性取决于是否满足其中任何一个条件。不过这里可能拆分的问题需要考虑，但用户提供的MEU已经拆分为MEU_19_1和MEU_19_2是两个不同的约束。

MEU_19_1的主体是上市公司，条件是公司章程的规定，约束是允许更长的禁止期间、更低比例或其他条件。这属于允许的选择，而MEU_19_2是必须制定专项制度。根据法律原文，这两部分是并列的，即上市公司既要制定公司章程中的相关规定，又要制定专项制度。因此，这两个MEU之间应该是“and”关系，因为必须同时满足。如果有任何一个不满足，就会违规。例如，如果公司没有制定专项制度，即使公司章程有规定，也会违规。反之亦然。所以不存在“or”关系，两者必须同时满足，因此不需要在它们之间建立“or”关系。此外，MEU_19_1内部的多个条件可能用“或”连接，但已经合并到一个MEU中，所以内部处理。而MEU_19_2是一个独立的要求，和MEU_19_1没有选择关系。因此，最终结果应该是没有“or”关系，返回空列表。
","CompletionUsage(completion_tokens=439, prompt_tokens=1469, total_tokens=1908, completion_tokens_details=CompletionTokensDetails(accepted_prediction_tokens=None, audio_tokens=None, reasoning_tokens=429, rejected_prediction_tokens=None), prompt_tokens_details=PromptTokensDetails(audio_tokens=None, cached_tokens=0))"
16,第十六条 上市公司董监高在下列期间不得买卖本公司股份： （一）上市公司年度报告、半年度报告公告前15日内； （二）上市公司季度报告、业绩预告、业绩快报公告前5日内； （三）自可能对本公司证券交易价格、投资者决策产生较大影响的重大事件发生之日或者进入决策程序之日，至依法披露之日内； （四）中国证监会、本所认定的其他期间。 因特殊原因推迟年度报告、半年度报告公告日期的，自原预约公告日前15日起算，直至公告日。,"

<RELATIONS>
[]
</RELATIONS>","好的，我现在需要分析给定的MEU列表，识别是否存在“or”关系。首先，理解用户的需求：找出同一个法条下的MEU之间是否存在“or”关系，即只要其中一个不违规，整个组合就不违规。默认是“and”关系，所以只有在业务逻辑上确实存在“或”的情况下才需要标记。

首先，法律原文是第十六条，关于董监高不得买卖股份的期间。MEU列表中有五个MEU，分别对应不同的禁止期间。

看MEU_16_1到MEU_16_4，以及MEU_16_5。每个MEU的条件是不同的时间段，比如年报前15天、季报前5天、重大事件期间、其他认定期间，以及推迟公告的情况。根据法律原文，这些期间是并列的，属于不同的情况，董监高在任何一个期间内都不得买卖股份。但这里的逻辑是，如果董监高在任何一个期间内买卖股份，就违规。所以默认情况下，这些MEU之间是“and”关系吗？或者是否可能存在“or”关系？

根据用户提供的例子，当两个MEU的条件是同一行为的不同触发条件，并且满足任一条件就需要执行约束时，如果业务逻辑上只需要满足其中一个条件即可触发约束，那么这些MEU之间应为“or”关系。例如，减持计划完成或者时间区间届满，只需要披露一次，所以是“or”。

但在当前情况下，各个MEU的条件是不同的禁止期间，比如年报前15天、季报前5天等，董监高在任何一个期间内都不得买卖股份。如果他们在任何一个期间内买卖，就违规。所以每个MEU代表一个独立的禁止期间，只要违反其中任何一个，就会导致整个法条的违规。这种情况下，MEU之间其实是“or”关系吗？

或者，这里默认的“and”关系是否正确？因为法条的结构是“不得在下列期间买卖”，每个期间都是禁止的，所以每个MEU的条件是独立的。因此，如果董监高在MEU_16_1的期间买卖，无论其他期间如何，都违规。同样，如果他们在MEU_16_2期间买卖，也违规。因此，每个MEU都是独立的条件，只要违反其中一个就违规。这种情况下，各个MEU之间应该是“or”关系，因为只要违反任何一个，整个法条就违规。不过根据用户之前的例子，可能默认是“and”关系，但需要判断是否有必要改为“or”。

根据用户提供的指导，MEU之间默认是“and”关系，即只有当所有MEU都不违规时，法条才不违规。但在这种情况下，如果各MEU的条件是并列的禁止期间，那么实际上任何一个期间的违规都会导致整个法条的违规。因此，此时默认的“and”关系会导致错误，因为正确的逻辑应该是只要有一个期间被违反，整个法条就违规。这时候就需要将各MEU之间的关系设置为“or”。

例如，如果法条规定“不得在A期间或B期间买卖”，拆分成两个MEU，每个对应一个期间。如果默认是“and”关系，那么只有当两个MEU都不违规（即不在A和B期间买卖）时，法条才不违规。但正确的逻辑应该是，只要在A或B期间买卖，就违规。所以这种情况下，两个MEU之间应该建立“or”关系，这样只要其中一个违规，整个法条就违规。但根据用户提供的指导，默认的“and”关系需要被调整为“or”吗？

这里可能存在理解上的差异。根据用户提供的例子，当MEU的条件是同一行为的替代情况时，需要设置为“or”。例如减持完成或时间区间届满，两者任一发生就需要披露，所以MEU之间是“or”关系，因为只需要满足其中一个即可，而不需要同时满足。

回到当前的MEU列表，每个MEU代表不同的禁止期间，属于并列的条件。例如，董监高如果在年报前15天买卖（违反MEU_16_1），或者在季报前5天买卖（违反MEU_16_2），都是违规。所以，这些MEU之间实际上应该是独立的，即只要违反任何一个，法条就违规。因此，默认的“and”关系是错误的，因为默认情况下，法条要求所有MEU都不违规才算不违规。但实际上，只要任何一个MEU违规，法条就违规。所以需要将所有这些MEU之间用“or”关系连接，使得只要其中一个违规，整个法条就违规。

但根据用户提供的指导，是否应该如此处理？例如，用户提到的例子中，两个MEU被设置为“or”，因为业务逻辑上只需要执行一次。而当前案例中，每个MEU对应不同的禁止期间，所以违反任何一个都是违规。所以这种情况下，所有MEU之间应该存在“or”关系吗？

但用户提供的另一个例子中，第十五条的MEU被拆分成多个，但不需要设置“or”关系，因为每个条件都是独立的，需要全部满足。所以这可能取决于业务逻辑。例如，在第十五条的情况下，上市公司需要在收到任何类型的文书后披露，因此每个MEU都是独立的，必须全部满足，即默认的“and”关系。但在这里，第十六条的每个期间都是禁止买卖的条件，所以董监高只要在任何一个期间买卖就违规，所以这些MEU之间应该设置为“or”关系，因为只要有一个违规，整个法条就违规。

然而，根据用户提供的指导中的默认逻辑，MEU之间是“and”关系，只有当所有MEU都不违规时，法条才不违规。但在这里，正确的逻辑应该是，只要有一个MEU违规，法条就违规。因此，必须将这些MEU之间建立“or”关系，以确保正确的合规判断。

因此，需要将MEU_16_1、MEU_16_2、MEU_16_3、MEU_16_4、MEU_16_5之间建立“or”关系。但如何表示多个MEU之间的“or”关系呢？用户给出的例子中是两个MEU之间的“or”，而如果有多个，可能需要每个与其他的建立关系？但用户指导中提到，关系是双向的，只需输出一次。例如，如果有五个MEU需要互相“or”，可能需要将它们两两之间建立关系，但这样会产生大量组合。或者用户是否希望以组的形式表示？但根据输出格式，每个关系是一个元组，可以有一个源MEU指向多个目标MEU，例如（MEU_16_1, ""or"", [MEU_16_2, MEU_16_3, MEU_16_4, MEU_16_5]）？

但原例子中的输出是单个元组，如（MEU_5_1, ""or"", MEU_5_2），而用户提到当有多个目标时可以用列表。因此，如果有五个MEU需要互相“or”，可能需要建立一个元组，其中源MEU指向其他四个。例如，MEU_16_1与MEU_16_2、MEU_16_3、MEU_16_4、MEU_16_5之间都是“or”关系，但这样可能需要多个元组。但根据用户的指导，应该避免重复，所以只需要将所有可能的组合列出一次即可。

但这样处理起来比较复杂。根据用户提供的例子，当两个MEU之间存在“or”时，只需要输出一个元组。如果有多个MEU需要建立“or”关系，是否需要每个两两之间都输出？例如，如果有三个MEU之间都是“or”关系，那么输出三个元组：（A, or, B），（A, or, C），（B, or, C）？或者是否有更简洁的方式？

但用户给出的例子中，当两个MEU存在“or”时，只需一个元组。那么如果有五个MEU需要相互“or”，可能需要生成所有两两组合的元组。但这样数量会很大，比如五个MEU会有C(5,2)=10个组合。这种情况下是否合理？

或者，是否所有五个MEU之间都是“or”关系？例如，法条中的各个期间是并列的，董监高只要在任何一个期间买卖就违规，因此每个MEU都与其他MEU是“or”关系，即任一违规导致整个法条违规。这种情况下，需要为每个MEU与其他四个建立“or”关系。但根据用户提供的例子中的方式，这可能需要列出所有两两组合。

但可能用户希望更简洁的方式，例如，如果有多个MEU之间都是“or”关系，可能用列表形式。例如，（MEU_16_1, ""or"", [MEU_16_2, MEU_16_3, MEU_16_4, MEU_16_5]），然后（MEU_16_2, ""or"", [MEU_16_3, MEU_16_4, MEU_16_5]）等，但这样可能重复。

不过，根据用户指导中的“or关系的含义”，两个MEU之间只要有一个不违规，这两个MEU便一起被判定为不违规。因此，如果五个MEU之间有“or”关系，那么只要其中任何一个不违规，整个组就不违规？或者是否相反？

这里可能存在误解。根据用户的定义，“or关系的含义”是：如果两个MEU被判定为“or”关系，那么只要这两个MEU之间有一个不违规，这两个MEU便会一起被判定为不违规。例如，如果MEU_A和MEU_B是“or”关系，当案例在MEU_A上不违规，那么MEU_A和MEU_B都不违规，不管MEU_B的情况如何。这可能与常规逻辑不同，需要仔细理解。

根据这个定义，“or”关系的存在改变了默认的“and”关系。默认情况下，法条下所有MEU都不违规时，法条不违规。但如果MEU之间是“or”关系，那么只要其中一个MEU不违规，整个“or”组中的MEU都不违规。例如，假设MEU_A和MEU_B是“or”关系，当案例在MEU_A上不违规（即满足约束），那么MEU_A和MEU_B都会被判定为不违规，因此法条是否违规取决于其他MEU的情况。

这可能适用于当多个MEU代表同一条件的替代情况时。例如，减持计划完成或者时间区间届满，只要其中一种情况满足并正确披露，另一个情况是否满足就不再重要。因此，两个MEU是“or”关系，只要其中一个正确执行，另一个是否执行就不影响结果。

回到当前案例，第十六条的MEU都是不同的禁止期间。例如，MEU_16_1对应年报前15天，MEU_16_2对应季报前5天等。如果董监高在年报前15天没有买卖（MEU_16_1不违规），但在季报前5天买卖了（MEU_16_2违规），那么根据默认的“and”关系，整个法条会判定为违规，因为存在违规的MEU。如果MEU_16_1和MEU_16_2是“or”关系，那么只要其中有一个不违规，另一个就会被视为不违规？这似乎不符合业务逻辑，因为实际情况下，每个禁止期间都是独立的，违反任何一个都导致违规。

因此，这种情况下，MEU之间应该保持默认的“and”关系，因为每个MEU代表不同的禁止期间，违反任何一个就会导致整个法条的违规。因此，默认的“and”关系是正确的，不需要建立“or”关系。例如，如果所有MEU之间是“and”关系，那么只有当所有MEU都不违规时，法条才不违规。但实际情况是，任何一个MEU违规都会导致法条违规，所以默认的“and”关系是相反的。这可能存在矛盾。

这说明我可能误解了“or”关系的定义。需要再次确认用户对“or”关系的定义。

根据用户说明：“如果两个MEU被判定为 or 的关系，那么只要这两个MEU之间有一个不违规，这两个MEU便会一起被判定为不违规。” 这意味着，当两个MEU是“or”关系时，只要其中一个不违规，另一个即使违规也不会影响整个法条的判定。例如，MEU_A和MEU_B是“or”关系，如果MEU_A不违规，那么MEU_B也被视为不违规，不管其实际是否违规。这可能适用于两种情况是替代性的，只要满足其中一个即可的情况。

在第十六条的案例中，各个MEU对应不同的禁止期间，董监高在任何一个期间买卖都是违规的。因此，如果MEU之间是“or”关系，那么只要董监高在其中一个期间没有买卖（MEU不违规），另一个期间的买卖行为就会被视为不违规？这显然不符合法律原意，因为法律禁止的是所有期间内的买卖。因此，这说明在这种情况下，MEU之间不应建立“or”关系，而应保持默认的“and”关系，即每个MEU都必须不违规，法条才不违规。但这样会导致即使违反任何一个MEU，整个法条就被判定为违规，这正是法律的要求。因此，默认的“and”关系是正确的，不需要调整。

例如，假设MEU_16_1和MEU_16_2是默认的“and”关系，那么只有当两个都不违规时，整个法条才不违规。如果董监高在MEU_16_1期间买卖（违规），那么整个法条就被判定为违规，无论其他MEU的情况如何。这正是法律的要求。因此，MEU之间应保持“and”关系，因为每个MEU的违规都会导致法条违规，不需要“or”关系。

这可能意味着，在当前的MEU列表中，所有MEU之间都是默认的“and”关系，因此不需要建立任何“or”关系。因为默认情况下，只要有一个MEU违规，整个法条就违规，这正是用户所期望的。

因此，最终的结论是：给定的MEU列表中的各个MEU之间不存在“or”关系，应保持默认的“and”关系，因此输出空列表。
","CompletionUsage(completion_tokens=2967, prompt_tokens=1693, total_tokens=4660, completion_tokens_details=CompletionTokensDetails(accepted_prediction_tokens=None, audio_tokens=None, reasoning_tokens=2957, rejected_prediction_tokens=None), prompt_tokens_details=PromptTokensDetails(audio_tokens=None, cached_tokens=0))"
23,第二十三条 上市公司大股东、董监高不得融券卖出本公司股份。 股东持有的股份在限制转让期限内或者存在其他不得减持情形的，不得融券卖出。股东在获得具有限制转让期限的股份前，存在尚未了结的该上市公司股份融券合约的，应当在获得相关股份前了结融券合约。,"

<RELATIONS>
[
(""MEU_23_2"", ""or"", ""MEU_23_3"")
]
</RELATIONS>","好的，现在我需要分析给定的MEU列表，看看是否存在or关系。首先，我要理解每个MEU的内容以及它们之间的关系。

法律原文是第二十三条，分为三个部分。对应的MEU有四个：

MEU_23_1：针对上市公司大股东或董监高，禁止融券卖出本公司股份，没有条件，直接约束。

MEU_23_2：股东持有的股份在限制转让期限内，不得融券卖出。

MEU_23_3：股东存在其他不得减持情形时，同样不得融券卖出。

MEU_23_4：股东在获得限制转让期股份前有未了结合约的，需在获得前了结。

首先，MEU_23_2和MEU_23_3的主体都是“股东”，它们的条件分别是“持有的股份处于限制转让期限内”和“存在其他不得减持情形”。法律原文中的第二部分将这两个条件用“或者”连接，所以这两者之间应该是or关系，即只要满足其中一个条件，股东就不得融券卖出。因此，MEU_23_2和MEU_23_3应建立or关系。

接下来看其他MEU之间是否有关系。MEU_23_1的主体是上市公司大股东或董监高，与其他MEU的主体不同，所以它们之间可能没有直接关系。MEU_23_4的条件是获得股份前存在未了结合约，约束是必须了结，这与其他三个MEU的约束不同，没有重叠的条件或主体，因此不形成or关系。

总结下来，只有MEU_23_2和MEU_23_3之间存在or关系，其他都是独立的，所以输出这个关系即可。
","CompletionUsage(completion_tokens=380, prompt_tokens=1556, total_tokens=1936, completion_tokens_details=CompletionTokensDetails(accepted_prediction_tokens=None, audio_tokens=None, reasoning_tokens=350, rejected_prediction_tokens=None), prompt_tokens_details=PromptTokensDetails(audio_tokens=None, cached_tokens=0))"
22,第二十二条 因离婚、法人或者非法人组织终止、公司分立等导致上市公司大股东、董监高减持股份的，股份过出方、过入方应当在股票过户后持续共同遵守本指引关于大股东、董监高减持股份的规定；上市公司大股东为控股股东、实际控制人的，股份过出方、过入方还应当在股票过户后持续共同遵守本办法关于控股股东、实际控制人减持股份的规定。法律、行政法规、中国证监会另有规定的除外。上市公司大股东、董监高因离婚、法人或者非法人组织终止、公司分立等拟分配股份的，应当及时披露相关情况。 上市公司大股东自持股比例低于5%之日起90日内，通过集中竞价交易、大宗交易方式继续减持的，仍应当遵守本指引关于大股东减持的规定。 因赠与等方式导致上市公司股东减持股份的，股份过出方、过入方应当参照适用本指引关于协议转让方式减持股份的规定。,"

<RELATIONS>
[
]
</RELATIONS>","好的，我需要仔细分析给定的MEU列表，看看是否存在“or”关系。首先，我要理解每个MEU的内容以及它们之间的关系。

看第一个MEU_22_1，它的条件是因离婚、法人终止等原因导致减持股份，并且股票已过户，没有其他规定。约束是遵守大股东和董监高减持的规定。第二个MEU_22_2的条件是大股东是控股股东或实际控制人，同样过户完成，约束是遵守控股股东减持的规定。这两个MEU的条件不同，但可能是在同一情况下适用不同的约束。比如，当大股东是控股股东时，除了遵守MEU_22_1，还需要遵守MEU_22_2。但根据法律原文，这里用的是“还应当”，所以应该是同时适用，而不是“或”的关系，所以它们之间应该是“and”。

接下来是MEU_22_3，条件是拟分配股份，需要披露。这个和其他MEU的条件不同，可能独立存在，没有“or”关系。

MEU_22_4的条件是持股低于5%后90天内继续减持，约束是遵守大股东减持规定。这个情况比较特定，可能单独存在，没有其他MEU与之形成“or”。

MEU_22_5的条件是赠与等方式导致减持，约束是参照协议转让的规定。这也是一个独立的情况，与其他MEU条件不同，没有“or”关系。

现在检查是否有同一法条下，不同MEU在业务逻辑上需要满足其一即可的情况。比如，如果某个条件满足其中一个MEU就不需要满足另一个，才会存在“or”关系。例如，在例子中，减持计划完成或时间区间届满，只需要披露一次，所以是“or”。但在这个案例中，MEU_22_1和MEU_22_2可能需要同时满足，因为如果大股东是控股股东，那么除了遵守普通大股东的规定，还要遵守控股股东的规定，所以这里应该是“and”而不是“or”。

其他MEU之间条件各不相同，没有重叠或替代的情况，因此不存在“or”关系。因此，最终应该没有需要输出的关系。
","CompletionUsage(completion_tokens=448, prompt_tokens=1874, total_tokens=2322, completion_tokens_details=CompletionTokensDetails(accepted_prediction_tokens=None, audio_tokens=None, reasoning_tokens=437, rejected_prediction_tokens=None), prompt_tokens_details=PromptTokensDetails(audio_tokens=None, cached_tokens=0))"
25,第二十五条 上市公司大股东、董监高应当按照本所规定的时间、方式报备个人信息和持有本公司股份的情况；上市公司大股东存在一致行动人的，应当及时填报和维护一致行动人信息。 公司大股东、董监高应当保证本人申报信息的及时、真实、准确、完整。 公司董监高所持本公司股份发生变动的，应当及时向公司报告并由公司在规定信息披露平台的专区披露，但因权益分派导致的变动除外。 上市公司董事会秘书负责管理公司大股东及其一致行动人、董监高的身份及所持本公司股份的数据和信息，统一办理前述主体的个人信息申报，每季度检查前述主体买卖本公司股票的披露情况，发现违法违规的，应当及时向中国证监会、本所报告。,"

<RELATIONS>
[
]
</RELATIONS>","好的，我现在需要分析给定的MEU列表，找出其中是否存在“or”关系。根据用户提供的指令和示例，关键是要从业务逻辑出发，判断是否存在只要其中一个MEU不违规，另一个或几个MEU也会被视为不违规的情况。

首先，我会逐一查看每个MEU，并分析它们的subject、condition和constraint，看看是否有逻辑上的关联可能导致or关系。

看一下法律原文的结构，第二十五条分为四个部分，每个部分可能对应不同的MEU。MEU列表中有8个条目，分别对应不同的责任主体和条件。

MEU_25_1和MEU_25_2：
- MEU_25_1的主体是上市公司大股东或董监高，条件是按时间、方式报备信息。
- MEU_25_2的主体是上市公司大股东，条件是存在一致行动人，需要填报维护一致行动人信息。
这两个MEU的主体部分不同，一个是包含大股东和董监高，另一个仅大股东。条件也不同，一个是报备个人信息，另一个是维护一致行动人。所以它们可能是独立的，没有or关系。

MEU_25_3的主体是公司大股东或董监高，要求保证申报信息正确。这可能是一个独立的要求，和其他MEU之间没有or关联。

MEU_25_4处理的是董监高股份变动的情况，排除权益分派。这个条件很具体，可能单独存在，没有其他MEU与之形成or。

接下来是董事会秘书相关的MEU（25_5到25_8）：
- MEU_25_5：负责管理数据和信息。
- MEU_25_6：统一办理个人信息申报。
- MEU_25_7：每季度检查披露情况。
- MEU_25_8：发现违规及时报告。
这些MEU都是董事会秘书的不同职责，每个约束都是独立的，必须同时满足。例如，秘书需要同时管理数据、办理申报、季度检查，并在发现问题时报告。因此这些可能都是and关系，没有or。

现在需要检查是否存在同一法条下不同MEU，其条件或约束在业务逻辑上形成或的关系。例如，如果两个MEU代表两种替代情况，满足其中一个即可，则需建立or关系。

再看MEU_25_1和MEU_25_2是否可能。例如，大股东需要报备信息（MEU_25_1），同时如果有一致行动人，需要维护信息（MEU_25_2）。这两项是独立的责任，大股东可能同时需要满足两者，所以是and关系，不是or。

是否有其他可能的组合？比如MEU_25_5到MEU_25_8都是董事会秘书的不同职责，必须全部执行，因此无or关系。MEU_25_4的情况单独存在。

可能没有需要建立or关系的MEU对。根据奥卡姆剃刀原则，如果没有明确的业务逻辑说明需要or关系，就不应添加。因此最终结果可能是空列表。
","CompletionUsage(completion_tokens=627, prompt_tokens=1848, total_tokens=2475, completion_tokens_details=CompletionTokensDetails(accepted_prediction_tokens=None, audio_tokens=None, reasoning_tokens=616, rejected_prediction_tokens=None), prompt_tokens_details=PromptTokensDetails(audio_tokens=None, cached_tokens=0))"
24,第二十四条 大股东与其一致行动人应当共同遵守本指引关于大股东减持股份的规定。一致行动人的认定适用《上市公司收购管理办法》规定。上市公司大股东及其一致行动人之间采取大宗交易、协议转让等方式转让股份的，视为减持股份，应当遵守本指引规定。 上市公司控股股东、实际控制人的一致行动人应遵守本指引关于控股股东、实际控制人减持股份的相关要求。 上市公司大股东与其一致行动人解除一致行动关系的，相关方应当在6个月内继续共同遵守本指引关于大股东减持股份的规定。上市公司大股东为控股股东、实际控制人的，相关方还应当在6个月内继续共同遵守本指引第十一条、第十二条的规定。 上市公司披露为无控股股东、实际控制人的，其第一大股东及第一大股东的一致行动人应当比照控股股东、实际控制人遵守相关规定，但是持有上市公司股份低于百分之五的除外。,"

<RELATIONS>
[
]
</RELATIONS>","好的，我现在需要分析给定的MEU列表，找出它们之间是否存在“or”关系。首先，我需要理解每个MEU的内容以及它们之间的逻辑联系。

首先看一下法律原文，是关于大股东及其一致行动人的减持股份规定，涉及到不同的情况，比如转让方式、解除一致行动关系、无控股股东的情况等。MEU列表共有六个条目，我需要逐一分析它们之间的关系。

MEU_24_1：大股东和一致行动人必须共同遵守减持规定。这里的条件是空的，意味着无论什么情况，只要是大股东或一致行动人，就必须遵守规定。约束是共同遵守。

MEU_24_2：上市公司大股东或一致行动人通过大宗交易、协议转让等方式转让股份，视为减持，必须遵守规定。这里的条件是转让方式，约束是视为减持且遵守规定。这可能与MEU_24_1有关联吗？比如，MEU_24_2是MEU_24_1的一个具体情形，但这里可能需要判断是否为or关系。不过根据业务逻辑，转让股份本来就是减持的一种形式，可能不需要or，而是补充说明。

MEU_24_3：控股股东和实际控制人的一致行动人必须遵守减持要求。这里的责任主体不同，是控股股东和实际控制人的一致行动人，约束是遵守相关要求。这可能与MEU_24_1或MEU_24_2无关，因为主体不同。

MEU_24_4：相关方（大股东及原一致行动人）解除一致行动关系后，需在6个月内继续遵守规定。条件为解除关系，约束是6个月内遵守。这可能是一个独立的情况，与其他MEU不构成or关系。

MEU_24_5：当大股东是控股股东或实际控制人，且解除一致行动关系时，相关方需在6个月内遵守第十一、十二条。这似乎是MEU_24_4的补充，当存在额外条件（大股东是控股股东或实际控制人）时，约束更严格。这里可能需要与MEU_24_4比较。如果两个情况（普通大股东解除和控股股东解除）需要同时满足的话，那它们是and关系。但根据法律原文，当大股东是控股股东时，除了MEU_24_4的要求外，还需遵守更多规定，因此MEU_24_5可能是额外的约束，而不是替代，所以两者可能不是or关系，而是and。

MEU_24_6：当公司无控股股东且实际控制人时，第一大股东及其一致行动人（持股≥5%）需比照遵守规定。这是另一种情况，与其他MEU的主体不同，可能独立存在。

现在需要检查哪些MEU之间可能存在or关系。根据例子，当满足任一MEU的条件时，其他MEU的约束可以免除，或者业务上只需要满足其中一个即可。例如，如果两个MEU是两种不同的触发条件，但只需要满足其中一个即可，那么它们就是or关系。

看MEU_24_1和MEU_24_2：MEU_24_1的条件为空，约束是共同遵守减持规定，而MEU_24_2的条件是转让股份，视为减持并遵守规定。可能MEU_24_2是MEU_24_1的具体情况，因此不构成or关系，而是补充，所以默认是and。如果转让股份的情况已经被视为减持，而不管是否减持，都需遵守，那这里可能不需要or关系。

再看MEU_24_4和MEU_24_5：MEU_24_4适用于解除一致行动关系的一般情况，而MEU_24_5适用于大股东是控股股东或实际控制人的情况。根据原文，当解除关系时，普通情况下需遵守MEU_24_4，而当大股东是控股股东时，还需额外遵守第十一、十二条。因此，MEU_24_5是MEU_24_4的额外要求，两者可能需要同时满足，因此是and关系，而不是or。

其他MEU之间似乎没有触发条件或约束重叠的情况，主体也不同，因此可能不存在or关系。

根据这些分析，可能没有MEU之间存在or关系。因此，最终输出应该是空列表。
","CompletionUsage(completion_tokens=888, prompt_tokens=1858, total_tokens=2746, completion_tokens_details=CompletionTokensDetails(accepted_prediction_tokens=None, audio_tokens=None, reasoning_tokens=877, rejected_prediction_tokens=None), prompt_tokens_details=PromptTokensDetails(audio_tokens=None, cached_tokens=0))"
21,第二十一条 因司法强制执行、股票质押或者融资融券违约处置等减持股份的，应当根据不同的减持方式分别适用本指引的相关规定。通过司法扣划、划转等非交易过户方式执行的，参照适用本指引关于协议转让方式减持股份的规定。 上市公司大股东、董监高所持股份被人民法院通过本所强制执行的，应当在收到相关执行通知后2个交易日内披露，不适用本指引第四条的规定。披露内容应当包括但不限于拟处置股份数量、来源、方式、时间等。,"

<RELATIONS>
[
]
</RELATIONS>","好的，我现在需要分析给定的MEU列表，看看是否存在“or”关系。根据用户提供的法律原文和MEU列表，我需要逐一检查每个MEU之间的条件、约束以及业务逻辑，判断是否需要建立or关系。

首先，法律原文第二十一条分为几个部分。第一个MEU_21_1的条件是“因司法强制执行、股票质押或者融资融券违约处置等情形减持股份”，约束是“根据不同的减持方式分别适用相关规定”。这里，原文提到这些不同的减持情形需要分别适用不同的规定，所以可能每个情形对应不同的处理方式，因此MEU_21_1可能对应后续的MEU吗？

接下来，MEU_21_2的条件是“通过司法扣划、划转等非交易过户方式执行减持”，约束是参照协议转让方式的规定。这可能是MEU_21_1的一个具体情形下的处理方式，所以MEU_21_1和MEU_21_2之间可能存在关系吗？不过根据用户给出的例子，当多个MEU是同一情况的不同处理步骤时，可能不需要or关系，而是默认的and。但需要看是否满足业务逻辑中的“只要其中一个满足就不违规”。

然后看MEU_21_3和MEU_21_4。MEU_21_3的条件是收到执行通知后需要在2个交易日内披露信息，而MEU_21_4的条件是股份被强制执行，约束是不适用第四条的规定。这两个MEU的主体和条件部分有重叠，但约束不同。根据法律原文，当股份被强制执行时，大股东或董监高需要披露，并且不适用第四条。这两条是否可能形成or关系？

根据用户的例子，当两个MEU的条件是两种不同的触发条件，但约束是相同的，并且业务逻辑上只需要满足其中一种情况即可视为合规，那么它们之间可能存在or关系。例如，MEU_5_1和MEU_5_2的条件是减持计划完成或时间区间届满，都需要披露结果，但只需要满足其中一种即可，因此是or关系。

现在回到MEU_21_3和MEU_21_4。MEU_21_4的约束是不适用第四条，而MEU_21_3的约束是披露信息。是否这两者在业务上是互斥的？即当适用MEU_21_4时（不适用第四条），是否需要同时满足MEU_21_3的披露要求？根据法律原文，“应当在收到相关执行通知后2个交易日内披露”并且“不适用本指引第四条的规定”，所以这里可能两者需要同时满足。因此，它们可能不是or关系，而是都需要遵守的，属于默认的and关系。

再看MEU_21_1和MEU_21_2。MEU_21_1的约束是“根据不同的减持方式分别适用本指引的相关规定”，而MEU_21_2是其中一种方式（非交易过户）的具体适用规定。因此，MEU_21_2可能是MEU_21_1的一个具体应用情况，可能属于进一步细化的规则，所以两者之间可能没有or关系，而是MEU_21_2是MEU_21_1下的一种情况，需要同时满足。例如，当发生MEU_21_1中的情形时，需要根据减持方式分别适用规定，比如如果是非交易过户，就需要参照协议转让的规定（MEU_21_2）。因此，这里可能MEU_21_1和MEU_21_2是and关系，因为需要同时满足各自的约束。

现在剩下的MEU之间是否有or的可能？比如，MEU_21_3和MEU_21_4的条件是否可能有重叠？MEU_21_4的条件是股份被强制执行，而MEU_21_3的条件是股份被强制执行且收到通知。因此，MEU_21_4的条件更宽泛，只要被强制执行，不管是否收到通知，而MEU_21_3的条件是收到通知后的披露义务。这可能意味着当满足MEU_21_3的条件时，必须同时遵守MEU_21_3和MEU_21_4的约束。因此，它们之间可能存在and关系，而不是or。

根据用户的指导，只有当业务逻辑上只需要满足其中一个MEU的约束即可视为合规时，才建立or关系。否则默认是and。目前分析下来，可能这四个MEU之间没有需要建立or关系的情况。因此，最终的输出应该是一个空列表吗？

但再仔细看一下法律原文中的例子，MEU_5_1和MEU_5_2的条件是两种不同的情况，但约束是相同的，因此只要满足其中一个条件，就触发约束。这时候，如果默认是and关系的话，两个条件都需要满足，但实际业务中只需要满足其中一个，因此需要改为or。那么回到MEU_21_1的情况，MEU_21_1的条件是多个情形（司法强制执行、股票质押等减持股份），而约束是分别适用不同的规定。比如，如果减持方式不同，适用不同的规定。比如，每个情形对应不同的处理方式，那么可能拆分成多个MEU，每个处理方式对应不同的约束。但根据提供的MEU列表，MEU_21_1的约束是“应当根据不同的减持方式分别适用本指引的相关规定”，而MEU_21_2则是一个具体的适用方式。因此，当发生MEU_21_1中的情形时，必须根据减持方式适用对应的规定，而MEU_21_2是其中一种情况的处理方式。因此，这两个MEU之间可能存在关联，但属于层级关系，而不是or关系。

综合以上分析，似乎这四个MEU之间不存在需要建立or关系的情况，因此最终输出应该为空。
","CompletionUsage(completion_tokens=1204, prompt_tokens=1645, total_tokens=2849, completion_tokens_details=CompletionTokensDetails(accepted_prediction_tokens=None, audio_tokens=None, reasoning_tokens=1193, rejected_prediction_tokens=None), prompt_tokens_details=PromptTokensDetails(audio_tokens=None, cached_tokens=0))"
29,第二十九条 本指引自发布之日起施行。,"

<RELATIONS>
[
]
</RELATIONS>","好的，我需要分析给定的MEU列表，看看是否存在“or”关系。首先看法律原文是第二十九条，内容很简单，就是指引自发布之日起施行。对应的MEU只有一个，MEU_29_1，里面包含了Contextual Info的信息，而Subject、Condition和Constraint都是空的。

根据任务要求，只有当同一法条下的多个MEU之间存在需要“or”关系的情况时才需要建立关联。但这里只有一个MEU，所以没有其他MEU可以形成“or”关系。因此，输出应该是空列表，不需要任何关系。
","CompletionUsage(completion_tokens=127, prompt_tokens=1341, total_tokens=1468, completion_tokens_details=CompletionTokensDetails(accepted_prediction_tokens=None, audio_tokens=None, reasoning_tokens=116, rejected_prediction_tokens=None), prompt_tokens_details=PromptTokensDetails(audio_tokens=None, cached_tokens=0))"
26,第二十六条 股东开立多个证券账户的，对各证券账户所持同一家上市公司的股份合并计算。股东普通证券账户、信用证券账户以及利用他人账户所持同一家上市公司的股份合并计算。,"

<RELATIONS>
[
(""MEU_26_1"", ""or"", ""MEU_26_2"")
]
</RELATIONS>","好的，我需要分析给定的MEU列表，找出是否存在or关系。首先看法律原文第二十六条，它分为两部分：第一部分是股东开立多个证券账户时需合并计算各账户的股份；第二部分是股东的不同类型账户（普通、信用、他人账户）的股份也要合并计算。

对应的MEU有两个：MEU_26_1处理的是多个证券账户的情况，而MEU_26_2处理的是不同类型账户的情况。根据业务逻辑，股东无论是开立多个账户还是使用不同类型的账户，都需要合并计算。但这两个条件是否存在or关系呢？

默认情况下，MEU之间的关系是and，即两个条件都需要满足才算合规。但在这里，股东可能同时有多个证券账户和不同类型账户，或者只满足其中一个情况。无论哪种情况，都需要合并计算。因此，只要满足任一条件就需要执行合并，所以这两个MEU应该是or关系。这样，只要有一个条件触发，就必须合并，而另一个条件可能不适用，但合规性判断上只要有一个满足，整个法条的要求就被执行了。因此，MEU_26_1和MEU_26_2应建立or关系。
","CompletionUsage(completion_tokens=268, prompt_tokens=1440, total_tokens=1708, completion_tokens_details=CompletionTokensDetails(accepted_prediction_tokens=None, audio_tokens=None, reasoning_tokens=238, rejected_prediction_tokens=None), prompt_tokens_details=PromptTokensDetails(audio_tokens=None, cached_tokens=0))"
28,第二十八条 本指引由本所负责解释。,"

<RELATIONS>
[]
</RELATIONS>","好的，我现在需要处理用户提供的MEU列表，并识别其中的“or”关系。根据用户的指示，我需要仔细分析每个MEU的条件、主体、约束以及上下文信息，看看是否存在需要建立“or”关系的情况。

首先看法律原文是第二十八条：“本指引由本所负责解释。” 拆解后的MEU列表只有一个MEU，即MEU_28_1。这个MEU的主体、条件和约束都是空的，上下文信息说明本指引由本所负责解释。由于只有一个MEU存在，不存在其他MEU与之形成“or”关系的情况。根据用户给出的例子和注意事项，当只有一个MEU时，无法形成“or”关系，因此应该返回空列表。

接下来检查是否有可能被拆分成多个MEU的情况。但根据提供的MEU列表，只有一个MEU，没有分割成多个的情况。即使法律原文中的“本所”可能有多个可能的解释，但在这个情况下，MEU的结构并没有拆分不同的情况，因此不需要考虑内部“或”的关系。

再根据用户提到的注意事项，即使法律原文中出现“或”之类的词汇，也需要判断业务逻辑是否需要“or”关系。但此处原文没有使用任何连接词，MEU也没有任何条件或主体需要拆分，因此没有建立“or”关系的必要。

最后，根据奥卡姆剃刀原则，不应添加不必要的关联。因此，最终结果应为空列表。
","CompletionUsage(completion_tokens=299, prompt_tokens=1343, total_tokens=1642, completion_tokens_details=CompletionTokensDetails(accepted_prediction_tokens=None, audio_tokens=None, reasoning_tokens=289, rejected_prediction_tokens=None), prompt_tokens_details=PromptTokensDetails(audio_tokens=None, cached_tokens=0))"
27,第二十七条 上市公司及相关主体违反本指引相关规定的，本所可以对上市公司及相关责任主体采取工作措施、自律监管措施或纪律处分。 本所为防止市场发生重大波动，影响市场交易秩序或者损害投资者利益，防范市场风险，可以有序引导减持，依规对违规减持行为、异常交易行为采取相应监管措施。 减持行为涉嫌违反法律法规的，本所可以报中国证监会查处。,"

<RELATIONS>
[
]
</RELATIONS>","好的，我需要分析给定的MEU列表，识别是否存在“or”关系。首先，看看法律原文和对应的MEU拆分。

法律原文第二十七条分为三个部分。第一个MEU_27_1是关于违反指引的后果，第二个MEU_27_2是关于防止市场波动时的措施，第三个MEU_27_3是涉及违法行为时的处理。

MEU_27_1的条件是“上市公司及相关主体违反本指引相关规定”，约束部分提到采取工作措施等。这里可能单独成立一个情况，没有与其他MEU的关联。

MEU_27_2的条件是防止市场波动、影响市场秩序或损害投资者利益等情况，约束是引导减持和采取监管措施。这里的条件中有“或者”，但拆分后的MEU已经是单独的条件，可能不需要与其他MEU建立or关系，因为原文中的“或者”已经被包含在条件描述中，作为同一MEU的一部分。

MEU_27_3的条件是减持行为涉嫌违法，约束是报证监会查处。这看起来是一个独立的情况，与其他MEU的条件不同。

现在需要检查这三个MEU之间是否存在业务逻辑上的or关系。例如，是否只要满足其中一个MEU的条件，就可以不触发其他MEU的约束？或者，是否某个约束只需要满足其中一个条件即可？

根据法律原文的结构，这三个MEU分别处理不同的违规情况：违反指引、市场风险、违法减持。因此，每个情况都是独立的，应分别处理，不存在其中一个不违规会导致其他也不违规的情况。例如，如果公司没有违反指引（MEU_27_1不违规），但这不影响其他两个MEU的适用，如果存在市场风险或违法减持，相应的措施仍会被执行。因此，这三个MEU之间应该是默认的and关系，没有or关系。

此外，MEU_27_2的条件中虽然有“或者”，但已经被整合到一个MEU中，因此不会拆分成多个MEU，所以不存在内部or关系需要建立。同样，其他MEU之间也没有需要建立or关系的业务逻辑。

因此，结论是没有需要建立的or关系，返回空列表。
","CompletionUsage(completion_tokens=439, prompt_tokens=1550, total_tokens=1989, completion_tokens_details=CompletionTokensDetails(accepted_prediction_tokens=None, audio_tokens=None, reasoning_tokens=428, rejected_prediction_tokens=None), prompt_tokens_details=PromptTokensDetails(audio_tokens=None, cached_tokens=0))"
